WhiteMatter	GlobalSignal	stdDVARS	non-stdDVARS	vx-wisestdDVARS	FramewiseDisplacement	tCompCor00	tCompCor01	tCompCor02	tCompCor03	tCompCor04	tCompCor05	aCompCor00	aCompCor01	aCompCor02	aCompCor03	aCompCor04	aCompCor05	Cosine00	Cosine01	Cosine02	Cosine03	Cosine04	NonSteadyStateOutlier00	X	Y	Z	RotX	RotY	RotZ
3968.1533203125	4828.083984375	n/a	n/a	n/a	n/a	0.0	0.0	0.0	0.0	0.0	0.0	0.0	0.0	0.0	0.0	0.0	0.0	0.0	0.0	0.0	0.0	0.0	1.0	-4.23222e-09	1.72318e-09	5.0798e-09	-6.93386e-05	-0.00017029	0.0
1665.3201904296875	2516.73974609375	0.87216765	37.49751282	0.75872439	0.4843487791244	-0.034901887400000005	-0.0738146537	0.1402974709	0.0283613211	-0.026154012999999997	0.0365524575	-0.0013746357000000002	-0.036634434300000004	0.048390723499999996	-0.0387371044	0.0604784203	-0.0149978849	0.099011819	0.09900301339999999	0.09898833800000001	0.09896779359999999	0.0989413814	0.0	-0.05109	0.0308091	-0.116488	0.00348831	0.000425995	-0.0015653
681.76806640625	1860.4578857421875	0.89493227	38.47624207	0.76974881	0.30472037	-0.0459038351	-0.0416805017	0.10710060490000001	0.0362456717	0.0372466164	0.024524378	0.0149132523	-0.019195031100000003	0.0803301105	-0.08564781980000001	0.011978686	-0.0089747422	0.09898833800000001	0.0989091031	0.09877709189999999	0.09859237480000001	0.09835505050000001	0.0	-0.00994248	-0.00909372	0.00702453	0.00389663	-0.00034772	-0.0007441849999999999
1648.6534423828125	1702.4886474609375	0.9364965	40.26323318	0.85034227	0.44941267000000007	-0.0362953813	-0.0171851489	0.0707806622	-0.005145684	0.0927358153	-0.007989634	0.021499050899999997	-0.011151416	0.0023566969	-0.022095	-0.043086251299999996	-0.0193306286	0.0989413814	0.09872137140000001	0.09835505050000001	0.09784296140000001	0.0971858632	0.0	0.0120801	0.049177	0.0801052	0.00657999	0.0017303799999999997	0.000415129
1166.3826904296875	1122.7694091796877	0.80057311	34.41941452	0.69068712	0.26157684000000003	0.0504235492	-0.0429917018	0.0510305425	-0.018933200900000002	0.0317702379	0.028025549700000003	0.0337946834	-0.0447536178	-0.031099832999999997	0.014119648	0.0463019921	-0.0054237897999999994	0.09887096050000001	0.0984399966	0.09772311439999999	0.09672239619999999	0.0954407484	0.0	-0.0106202	0.00175811	0.0499845	0.00490133	0.00275562	0.000937968
-10.9818115234375	-30.262359619140625	0.83047104	35.70483017	0.71578944	0.10685146	-0.027171479900000003	-0.037650810800000004	0.0674064582	0.0149360994	0.044601305	0.013903440800000002	0.0454437925	-0.054173515	-0.03299868	-0.0217166913	-0.0397947527	-0.0511081654	0.09877709189999999	0.09806524550000001	0.0968826324	0.09523492970000001	0.0931300475	0.0	-0.0149739	-0.0411868	0.0446609	0.0041048	0.00256789	0.000837643
51.3724365234375	-128.01287841796878	0.86892277	37.35800552	0.76687509	0.27353205	0.0117251807	0.0146187596	0.0139101408	0.1260765769	-0.0165492604	0.0532420696	-0.0181457033	-0.0633446846	-0.025680882400000004	-0.0045309736	0.0633118991	-0.0153464864	0.09865979789999998	0.09759747349999999	0.0958353979	0.09338620460000001	0.0902674539	0.0	-0.0294839	0.069736	0.034759	0.00550554	0.00333885	0.00142989
449.4140625	315.5178527832031	0.88107044	37.88027573	0.78885877	0.30436820000000003	-0.0396927553	0.042465261100000005	0.026987788999999998	0.0864843031	-0.0675877019	-0.0031537109000000004	-0.024850018199999997	-0.0345348035	-0.028749614700000002	0.049837903600000004	-0.0155348066	0.0070033789	0.0985191063	0.0970371244	0.0945836458	0.0911832336	0.0868699314	0.0	-0.0354001	0.13457400000000003	-0.0163562	0.008114639999999998	0.00388876	0.000938924
187.3306884765625	121.236083984375	0.96443176	41.46426773	0.80163431	0.42907585000000015	-0.09055651740000001	0.0950622784	-0.0148180058	-0.0236374077	-0.0870981406	-0.0471315426	-0.069427349	0.0047877	-0.0297733495	0.0363478531	-0.0689535443	-0.0490383791	0.09835505050000001	0.0963847298	0.0931300475	0.0886343733	0.08295761389999999	0.0	-0.0617937	0.0666705	0.0598695	0.0120496	0.00502086	0.000834923
1106.2786865234377	161.42306518554688	1.00862288	43.36419678	0.8659488	0.5252100000000001	0.042319776399999995	0.0346102284	-0.0846640889	-0.1010545952	-0.1078781225	-0.010477248199999999	-0.010523365	0.0701839193	-0.0412204281	-0.0055271614	-0.0028014783	-0.0598274166	0.0981676693	0.0956409084	0.0914777049	0.0857492926	0.0785536861	0.0	-0.08281539999999998	0.264118	0.0171869	0.0160591	0.00477086	-0.000186741
1378.9766845703125	90.54754638671876	0.84476757	36.31948853	0.7478199	0.205282	0.052542620400000004	-0.0177875655	-0.0027273694	-0.0401630539	-0.0363805434	-0.0873923802	0.0506570848	0.045166052699999994	-0.0076456759	-0.0091106184	-0.019162238	-0.0257521531	0.0979570074	0.0948063657	0.08963014429999999	0.0825389354	0.07368424559999999	0.0	-0.0753118	0.210012	-0.08383119999999998	0.0153522	0.00477086	-0.000332927
1170.987060546875	154.35955810546875	0.89909756	38.65532303	0.76067799	0.38381865	0.0181987732	-0.0079759219	-0.0591575018	-0.0568444896	0.078663065	-0.0250440738	0.0231900971	0.0665159202	-0.007408675	-0.0152213774	-0.0216692723	-0.040083471	0.09772311439999999	0.09388189359999999	0.08759130849999999	0.0790154797	0.06837814910000001	0.0	-0.0783045	0.222072	0.0292441	0.0199065	0.00471549	0.000171216
711.12255859375	-305.4534606933594	0.81975251	35.2440033	0.722386	0.345029835	0.0743037843	-0.057651705	-0.061561591500000006	-0.046103954	0.0823871578	0.0201192782	0.0253314949	0.0307720156	-0.0079281304	-0.065362922	-0.0174369375	0.0167478493	0.0974660461	0.0928683687	0.0853655484	0.0751922912	0.0626668408	0.0	-0.0782829	0.161964	-0.045058	0.0159651	0.0046926	-7.645669999999998e-05
1067.3829345703123	-209.7040100097656	0.85654747	36.82594681	0.74441111	0.24161931499999995	-0.010225887	-0.048483993899999994	0.0143399549	0.0005050926	0.0611471609	-0.0072199265	0.0339967135	0.0441628825	0.033867679500000004	-0.0464583789	-0.0306713025	0.0042409447	0.0971858632	0.0917667526	0.08295761389999999	0.0710838727	0.056584166	0.0	-0.0980631	0.0950551	-0.113022	0.0152885	0.00495684	-0.0008749409999999998
1861.8621826171875	200.63922119140625	0.77140772	33.16549301	0.69181132	0.28840215	-0.026936405299999997	-0.0176015228	-0.0102476826	0.034034832	0.0891866349	-0.0029279419	0.0097795145	0.0268141045	0.0162381376	0.0230593616	-0.0006045009	0.0263855999	0.0968826324	0.0905780901	0.0803726437	0.0667058086	0.050166170999999996	0.0	-0.0980584	0.0482759	0.0142662	0.0136779	0.00486805	-0.00028773
546.59130859375	-345.51751708984375	0.65062249	27.97251701	0.59454685	0.2407199	0.0291885159	-0.0070159296999999995	-0.056692287599999995	0.0411177557	0.0955245234	0.0726570565	-0.0014125286	0.0319107312	-0.0075833627	-0.0183143666	0.0109543193	0.0162561933	0.09655642539999999	0.08930350890000001	0.0776161543	0.0620747066	0.0434508891	0.0	-0.0731822	0.15725	0.029372	0.0131968	0.0054296	0.000504896
1484.164306640625	76.63821411132812	0.81417942	35.00439835	0.69139367	0.3131583	-0.0148887841	-0.0275591798	-0.0294474827	0.0638400958	0.0260438446	0.0547666279	-0.0280541471	0.0006480814	0.0085905284	-0.0073395872999999995	0.0357946918	0.012101555	0.09620731960000001	0.08794421779999999	0.074694028	0.057208134	0.036478115299999996	0.0	-0.0756194	0.109552	-0.0610597	0.0105177	0.00466805	0.000516074
1254.2998046875	28.9189453125	0.8159095	35.07878113	0.7151683	0.4557246599999999	0.0001622484	0.014261536100000001	-0.012250185600000001	0.1174553742	0.029161884199999998	0.059366029800000004	0.0143447	0.0154188737	0.034605885600000004	0.0359900367	-0.0042775326	0.042578497400000005	0.0958353979	0.08650150640000001	0.0716125009	0.0521245513	0.0292891706	0.0	-0.0404587	-0.0528006	0.00678036	0.0083905	0.0039687	0.00149695
552.2476806640625	-475.5816040039063	0.99891901	42.94699478	0.84437585	0.40484106	-0.0462845176	0.0689458718	-0.028866612599999997	0.0832119862	-0.033250751	0.022492352900000002	-0.0133069932	0.0351965421	-0.0280189501	0.0528378064	-0.050701717400000006	0.0505418346	0.0954407484	0.08497674300000001	0.06837814910000001	0.046843242300000004	0.0219266571	0.0	-0.0639585	0.111607	-0.0398611	0.0107286	0.00395099	0.000446916
-411.804443359375	-1154.11328125	1.33974922	57.60046768	1.10952938	0.359138695	0.0611243249	0.005270989	-0.0622908162	0.0385263177	-0.0797599121	-0.0849825784	0.0264832191	-0.0352092549	-0.0323905017	-0.0437160879	0.0666069712	-0.0307371602	0.0950234647	0.083371374	0.064997875	0.0413842409	0.0144342052	0.0	-0.08835379999999998	0.020525	-0.0271488	0.008052389999999998	0.00541785	-2.89959e-05
1647.4248046875	-353.1763610839844	1.12940562	48.55706406	0.97381616	0.367738235	0.0062365976	0.0592451613	0.003201406	0.0194273165	-0.0847207233	-0.0720662732	0.0306804887	0.0039738004	0.0090261934	0.0587456408	0.0188133889	0.056781970599999995	0.0945836458	0.0816869222	0.061478892	0.0357682548	0.006856215600000001	0.0	-0.0594064	-0.00488389	0.0437286	0.00377	0.0051806	0.000301455
1746.654052734375	250.2606201171875	1.02009678	43.85749817	0.8172785	0.52723091	-0.024301814900000003	0.0924821983	-0.0338607817	-0.0614703736	-0.0722202913	-0.0789336733	-0.0184677598	0.0100154123	-0.009144142	0.09819193119999998	-0.0330987836	0.0275943544	0.094121396	0.0799249855	0.0578287101	0.0300165875	-0.0007624042999999999	0.0	-0.0353947	-0.190356	0.16637	0.00638879	0.0039288	0.000269931
773.4456787109375	-389.0836486816406	0.8303805	35.70093918	0.72825313	0.49248995	0.0676431625	0.0626000724	-0.1098564995	-0.08810061289999999	-0.0643349646	-0.0053523024	0.0071482406	0.045466725	-0.0473770245	0.0570845721	0.0022958681	-0.0197185132	0.0936368249	0.078087235	0.0540551187	0.024151057099999998	-0.0083765061	0.0	-0.0440329	0.0739953	0.104022	0.00877234	0.00329778	0.000141452
1104.1749267578123	655.9158935546875	0.8322714	35.78223419	0.72619122	0.27503605000000003	0.058534086799999996	0.0329078761	-0.0378291441	-0.08802459900000001	-0.0521523343	-0.0287546487	0.00923976	0.029695033399999998	-0.0009861941	-0.0136031166	0.0105317092	-0.0332512415	0.0931300475	0.0761754141	0.050166170999999996	0.0181939134	-0.0159409684	0.0	-0.0534655	0.122003	-0.00565835	0.00809871	0.00462805	0.00029586
1734.810302734375	950.071533203125	0.72484279	31.16350555	0.62986714	0.149339411	0.0650365914	-0.024407506000000002	0.0149353625	-0.0628931155	0.0090709207	0.0057452434999999994	0.0024717339	0.0249137837	-0.0038209683	0.0342968643	0.0417023908	-0.0149650574	0.09260118380000001	0.0741913362	0.0461701662	0.0121677539	-0.0234109638	0.0	-0.0440934	0.0539718	-0.000275089	0.00737435	0.00437979	0.000654297
878.63330078125	315.008544921875	0.80809361	34.74274826	0.70544362	0.11900113899999998	-0.043303619800000005	-0.01360652	0.051635473	-0.0967804718	0.0731656797	0.0029256890999999996	-0.029618361200000002	0.024926080899999998	0.0335584543	0.000676336	-0.016785512	-0.0279262752	0.09205035939999999	0.0721368833	0.04207563190000001	0.006095438000000001	-0.0307422248	0.0	-0.0617977	0.0247432	0.0208053	0.00713419	0.00395863	0.00029586
708.393798828125	68.41427612304689	0.85498291	36.75868225	0.72513521	0.059288699999999986	0.0352294081	-0.0349829493	-0.0554593463	-0.063699539	0.06880840519999999	0.031368832400000005	-0.0148524739	0.023358820899999997	-0.0042634953000000005	-0.0492174004	-0.021122504	-0.0248087175	0.0914777049	0.0700140042	0.037891306	0.0	-0.037891306	0.0	-0.0617977	0.0152448	0.0434051	0.007678	0.00395863	0.00029586
582.0604248046875	65.10128784179689	0.8999759	38.69308472	0.73221946	0.4436079155	0.0399249042	-0.06485339030000001	-0.007688245400000001	0.0471170467	0.0056960565	0.1013740124	0.0027583471	0.006538206899999999	0.021518478100000002	-0.0239605598	0.0267801165	0.0327701511	0.09088335609999999	0.0678247126	0.0336261182	-0.006095438000000001	-0.0448158418	0.0	-0.0832837	-0.0497573	-0.110402	0.00464096	0.00468532	-6.66431e-06
19.6021728515625	321.88201904296875	0.88204902	37.92234802	0.76033664	0.1925141255	-0.0561556858	0.0154003697	0.0107630817	0.08796457419999999	0.0003738927	-0.002196552	-0.024110279	-0.0051226519	-0.0002161423	0.0290431804	-0.014986626599999999	0.019251359	0.0902674539	0.0655710851	0.0292891706	-0.0121677539	-0.0514747969	0.0	-0.0832938	0.00599311	-0.0964271	0.00679401	0.00468532	0.00029586
654.050048828125	210.2252197265625	0.79004335	33.96670532	0.69548959	0.22525966	-0.06976124410000001	0.0717253036	-0.0045842945	0.0219318063	-0.062101174599999996	-0.04447647230000001	-0.0697627932	-0.0189472644	0.025231092200000003	0.0270932588	-0.0141141956	-0.000921115	0.08963014429999999	0.06325525950000001	0.0248897185	-0.0181939134	-0.0578287101	0.0	-0.0833233	-0.0310029	-0.0086002	0.00530155	0.00468532	0.000811545
-40.53326416015625	533.0059814453125	0.86720246	37.28404236	0.72881877	0.246091	0.0289969075	0.0094277192	-0.0163880465	-0.031330047400000005	-0.1712688227	0.0028907634000000003	-0.0487694754	0.0408625834	-0.0055128452	-0.0182963245	0.0168184225	0.0578321246	0.08897157859999999	0.0608794324	0.0204371504	-0.024151057099999998	-0.0638399278	0.0	-0.0833259	-0.0606622	-0.0916008	0.00279776	0.00452054	0.000811545
-679.5852661132812	425.4117126464844	1.0006057	43.01951218	0.89421344	0.47630115	-0.0032759643	-0.08589378269999999	0.074530438	-0.0125343217	-0.1200711468	-0.0199865441	0.0281968017	-0.0513226307	-0.0006271757	-0.0717960035	0.0112956423	-0.0307796061	0.08829191300000001	0.0584458575	0.0159409684	-0.0300165875	-0.0694728274	0.0	-0.111649	-0.00661415	-0.25273	0.0008148889999999998	0.00521795	-0.00116419
1208.2064208984375	1114.5673828125	1.11137545	47.78188705	0.93369919	0.6616924000000001	-0.0516889925	0.0077019604	0.041098811400000004	-0.047764156399999994	0.06479743240000001	-0.0967770968	0.0374770363	0.0063412042000000005	0.0070380397	0.0289315352	-0.0217376613	-0.0635966896	0.08759130849999999	0.0559568432	0.0114107675	-0.0357682548	-0.074694028	0.0	-0.0924682	-0.0092804	0.0306113	0.0047452	0.00574528	0.00150825
1691.529296875	548.97314453125	1.13557529	48.82232285	0.98474532	0.5551117	0.0510501592	0.04534203	-0.0305598911	-0.1025612769	0.1237583541	-0.0468191915	0.0249944445	-0.0350104725	0.0363067376	-0.0099334667	-0.0407098163	0.0352362195	0.0868699314	0.0534147504	0.006856215600000001	-0.0413842409	-0.0794725885	0.0	-0.066664	-0.0905532	0.181598	0.00400734	0.00804734	0.00440929
1719.883544921875	594.97265625	1.28807902	55.37898636	1.09191477	1.00457909	-0.05681493940000001	0.0275092365	-0.0755730647	-0.08350070400000001	0.2233149573	-0.006296205	-0.0564327348	0.053933726900000006	0.0004232506	-0.021798124	-0.0809905965	0.043713752	0.0861279527	0.0508219905	0.0022870321	-0.046843242300000004	-0.08378019099999999	0.0	-0.147678	-0.00826511	0.244042	0.0127159	0.013919	0.00540573
1389.39404296875	1090.72216796875	1.34163749	57.68165207	1.09961092	1.05303189	0.08240594799999999	0.0023979915	-0.073592227	-0.0395985993	0.0750601037	0.130518549	-0.0125382295	-0.0013135470000000002	0.0080742864	0.026634597599999997	0.039001485	0.0352211651	0.0853655484	0.0481810229	-0.0022870321	-0.0521245513	-0.08759130849999999	0.0	-0.132492	-0.123833	0.100806	0.00290738	0.00962579	0.00392662
1397.0606689453125	1233.9404296875	0.95973283	41.26224518	0.83288825	0.2211505	-0.031905654500000005	0.0159530319	-0.0318803136	0.0521767451	0.0807651399	0.0644549541	-0.03129768	-0.0051239547	0.031974761000000004	0.0558519434	-0.0013961779999999999	0.0210273681	0.0845828993	0.045494352599999996	-0.006856215600000001	-0.057208134	-0.09088335609999999	0.0	-0.148835	-0.0531331	0.0432864	0.00303295	0.00928086	0.00286536
1819.477294921875	494.8773498535156	0.78014731	33.54124069	0.7059387	0.1946282	0.0255007796	0.0579829556	-0.0611305953	0.0724327452	-0.0140501023	0.1027834058	-0.0501673101	0.012108738400000001	0.029120232200000002	0.0570190014	0.015867974	0.00029273099999999996	0.08378019099999999	0.042764528200000006	-0.0114107675	-0.0620747066	-0.0936368249	0.0	-0.14877	-0.0912137	0.0103433	0.00267393	0.007584699999999998	0.00328097
1267.73779296875	692.5018310546875	0.69519752	29.88895226	0.63706434	0.16240530000000009	-0.0255106072	0.054663728200000004	0.002472804	0.0688964638	-0.026079254700000002	-0.0409795208	-0.0034597069	0.0153216899	0.0280014021	0.0519598721	0.0032446271999999996	0.022068685299999998	0.08295761389999999	0.0399941391	-0.0159409684	-0.0667058086	-0.0958353979	0.0	-0.116722	-0.100376	-0.017814199999999995	0.00170064	0.00805655	0.00286536
450.842041015625	-911.2799072265624	0.75013655	32.25097275	0.67852485	0.28124650000000007	0.0299909692	0.065448507	-0.025331977599999996	-0.0030200932000000002	-0.0568674396	-0.11719504539999999	0.0272274908	0.017126579399999998	-0.0098818872	0.0145705943	-0.0102738576	0.0412382868	0.08211536309999999	0.037185813	-0.0204371504	-0.0710838727	-0.0974660461	0.0	-0.105123	-0.129703	0.0304243	-0.00101373	0.007602369999999998	0.00353845
1820.6024169921875	1195.938232421875	0.84479505	36.32067108	0.72365707	0.3636317	-0.0049950715	0.1285811013	-0.0328136793	-0.0829840533	-0.0408478317	-0.0463164768	-0.0316295195	0.049642524199999996	0.0041085582	0.09180824259999999	-0.0039451433000000004	0.042395814500000004	0.0812536382	0.034342213999999996	-0.0248897185	-0.0751922912	-0.0985191063	0.0	-0.077231	-0.119035	0.109775	0.00290629	0.00723768	0.00416816
1069.92529296875	739.906494140625	0.89940542	38.66856003	0.75121659	0.3885203	0.0730203634	0.0048823563	0.0212752632	-0.06730292019999999	-0.06429793589999999	0.0066164811	-0.0118407672	-0.001634159	0.0194136775	0.0267199699	0.0253772869	-0.0528056724	0.0803726437	0.0314660393	-0.0292891706	-0.0790154797	-0.09898833800000001	0.0	-0.108233	-0.0755977	0.0163408	-0.000729736	0.00778474	0.00393831
1209.060791015625	1134.937255859375	0.83149743	35.74895859	0.73494744	0.17062354999999998	0.02491488	-0.0222266033	0.0729810731	-0.053463990700000005	0.0135586325	0.064390533	-0.0216955298	-0.0141780805	0.0147207191	0.0744991332	0.041643998599999996	-0.004010183400000001	0.0794725885	0.028560017200000003	-0.0336261182	-0.0825389354	-0.09887096050000001	0.0	-0.108201	-0.127847	-0.0308405	-0.000115907	0.00697535	0.00393831
-370.1162109375	233.74923706054688	0.86574602	37.2214241	0.778108	0.36340575	0.0323829334	-0.049089587000000004	0.0718203654	-0.0709787268	0.0323448801	0.0556732775	-0.0023864649	-0.0916592134	-0.0243697527	0.0081340071	0.049205462199999994	-0.0176763065	0.0785536861	0.025626904199999998	-0.037891306	-0.0857492926	-0.0981676693	0.0	-0.118659	-0.156244	0.0139521	-0.00431417	0.0065259	0.00299086
-580.886962890625	859.5299682617188	0.92843801	39.91677094	0.79632968	0.5666790999999999	0.034939304	-0.1394931491	0.07413893099999999	-0.010779459299999999	-0.0395885865	0.0851109909	0.013742396799999999	-0.1655050499	-0.037247945899999996	-5.89393e-05	0.0446757362	-0.023095298700000003	0.0776161543	0.022669482400000003	-0.04207563190000001	-0.0886343733	-0.0968826324	0.0	-0.121929	-0.274237	-0.201093	-0.00764477	0.0071392	0.00365438
-1190.0015869140625	516.5606689453125	0.83008176	35.68809509	0.733033	0.5346185	-0.0316212262	-0.1944644348	0.013030608400000001	0.0347809078	-0.0634216068	0.02454728	0.0017058466	-0.157057527	-0.0969969485	-0.0703946899	0.04732414309999999	0.0630811827	0.0766602155	0.0196905574	-0.0461701662	-0.0911832336	-0.0950234647	0.0	-0.149089	-0.236107	-0.447998	-0.00931524	0.00935023	0.00308741
-1212.3349609375	103.46644592285156	0.89526772	38.49066544	0.79874778	0.35634000000000005	-0.1913372637	-0.07416217259999999	0.0631934621	0.097987022	-0.028114373199999997	0.0281543704	-0.056231643600000006	-0.16727341380000002	0.0218154115	-0.0450529514	-0.0022054317	0.019007408400000002	0.0756860964	0.0166929546	-0.050166170999999996	-0.09338620460000001	-0.09260118380000001	0.0	-0.141423	-0.212268	-0.311714	-0.00702293	0.00872166	0.00393755
-1807.886962890625	-401.6903076171875	0.95305336	40.97507095	0.85642564	0.182843	-0.0390801094	-0.062305705	0.031491332999999996	0.10721827029999999	-0.09528281599999999	-0.0407278042	-0.017727218500000003	-0.1205711702	-0.000666727	-0.09118503859999999	0.023915904300000002	0.041010420299999996	0.074694028	0.0136795175	-0.0540551187	-0.09523492970000001	-0.08963014429999999	0.0	-0.144688	-0.23748	-0.269014	-0.00590085	0.00838732	0.00471445
-632.65771484375	1160.6529541015625	0.93947172	40.39114761	0.8464027	0.3154405	-0.11059043980000001	0.0024841894	0.053392776600000004	0.1132418687	-0.0458285744	-0.0548031982	-0.023404454900000003	-0.1072163571	-0.0132943588	-0.056610119199999996	-0.010827414099999998	0.0443594113	0.07368424559999999	0.0106531046	-0.0578287101	-0.09672239619999999	-0.0861279527	0.0	-0.132588	-0.288483	-0.189679	-0.00888859	0.008098799999999998	0.00489824
846.3527221679688	2068.46484375	0.89295578	38.39126587	0.77868098	0.09431449999999994	-0.0469612808	0.0097836263	0.0381794847	0.1475410569	-0.0638064393	-0.0295813206	0.0020731991	-0.074484759	0.0385643858	-0.00038725120000000004	0.0064508217000000005	0.0761632199	0.0726569887	0.0076165866	-0.061478892	-0.09784296140000001	-0.08211536309999999	0.0	-0.160138	-0.274439	-0.182191	-0.00924714	0.008330499999999998	0.00521264
-732.9180908203125	1705.77685546875	1.14378679	49.17536163	0.9795773	0.7779915000000001	0.02407237	0.044506904800000004	0.02809609	0.1277086185	-0.019969113400000002	-0.10547744769999999	0.0680790162	-0.1569229783	0.0180050838	-0.002771907	-0.0047484619	0.0400763602	0.0716125009	0.0045728438	-0.064997875	-0.09859237480000001	-0.0776161543	0.0	-0.113205	-0.374053	-0.039991	-0.0157796	0.0103679	0.00642767
-2575.75146484375	-1303.2548828125	1.53979921	66.2013092	1.48257613	1.61768383	0.05124540650000001	0.09191942539999999	-0.0814911576	-0.0044773717	-0.044268035899999995	-0.09851975630000001	0.07038943	0.1475080911	0.08875444730000001	-0.1389010886	0.0737856614	0.1963972177	0.0705510299	0.0015247633999999999	-0.06837814910000001	-0.09896779359999999	-0.0726569887	0.0	-0.157442	0.00177663	-0.0942127	0.00434753	0.008871109999999998	0.00518368
1778.696533203125	1901.71337890625	1.33613944	57.44527054	1.3095988	0.56195033	0.0007346792	0.1187982415	0.036702960699999995	0.0071375452	-0.0651493175	-0.12354922369999999	0.051499641500000005	0.0180564879	0.0861157615	0.087082815	0.0318041138	0.08962578449999999	0.0694728274	-0.0015247633999999999	-0.0716125009	-0.09896779359999999	-0.0672672547	0.0	-0.15473	-0.113166	-0.0776875	-0.00233507	0.00986903	0.00430879
1585.20703125	1805.900390625	0.96410358	41.45015717	0.87653512	0.174472	0.009084320600000001	0.0442588291	0.0394880054	-0.0093626722	-0.14485973970000002	-0.0038799124	0.0035557009999999997	-0.0029678895	0.045306415	0.09376673699999999	0.0557270743	0.047511659000000005	0.06837814910000001	-0.0045728438	-0.074694028	-0.09859237480000001	-0.061478892	0.0	-0.173748	-0.126896	-0.173464	-0.00242576	0.0104037	0.00460238
-1350.344970703125	-1487.3814697265625	1.16557479	50.11210251	1.05686319	0.3227917	-0.0542774655	0.0317521824	0.012024169199999999	-0.10519956470000001	-0.0842999042	0.0037702016999999997	-0.0343520577	0.018898879099999998	0.0206478228	0.0524502451	-0.0764834738	-0.0177528159	0.0672672547	-0.0076165866	-0.0776161543	-0.09784296140000001	-0.0553262028	0.0	-0.141259	-0.0650168	-0.139399	-0.0010326100000000002	0.00821729	0.00429477
-1610.834716796875	-2073.7880859375	1.740484	74.82944489	1.52505565	0.7013427000000001	-0.0195623422	-0.0050775237	0.026885271800000003	-0.062278305	-0.012893349299999999	-0.0090145038	-0.024812414900000003	-0.16988580469999998	0.016469717	-0.0654237993	-0.0069292495999999995	-0.14869500859999998	0.06614040759999999	-0.0106531046	-0.0803726437	-0.09672239619999999	-0.048845648	0.0	-0.120525	-0.273307	-0.070203	-0.00620691	0.00967023	0.00572998
-1724.38671875	-1914.0074462890625	2.05257201	88.24719238	1.85092044	0.6582456999999999	0.033159648199999996	-0.038816338900000004	0.0163850366	-0.0889737226	-0.0275041346	0.1297909917	-0.1275328435	0.14461671339999999	-0.0918898468	-0.0842172446	-0.0706519919	0.0429188905	0.064997875	-0.0136795175	-0.08295761389999999	-0.09523492970000001	-0.04207563190000001	0.0	-0.160188	-0.0342933	-0.137648	-0.0037993	0.00779406	0.00377128
-1157.532470703125	-1307.4141845703125	2.29359269	98.6095047	2.05708241	2.600286595	-0.0441837634	0.0120002996	-0.0580207082	-0.08960448210000001	0.22712051030000002	-0.0982397211	0.1730210607	0.248467474	0.1266769955	-0.22056415170000002	-0.2221995934	-0.0777626806	0.0638399278	-0.0166929546	-0.0853655484	-0.09338620460000001	-0.0350562737	0.0	-0.218075	0.158166	-0.16652	0.0220693	7.19441e-05	-0.00905937
-5832.58447265625	-5691.44580078125	2.59784102	111.69019318	2.30551267	2.177032795	0.3176385148	-0.2569314259	-0.21563268010000003	-0.036865029300000005	0.0001691184	-0.1203769423	0.1661759036	0.2467146346	-0.4181303824	-0.174291883	0.1336376824	-0.11947914650000001	0.0626668408	-0.0196905574	-0.08759130849999999	-0.0911832336	-0.0278291704	0.0	-0.258941	-0.126361	-0.539488	0.00102159	0.00395563	-0.00441733
-2940.48046875	-1096.321533203125	2.43431044	104.65945435	2.22335243	0.5501802699999999	-0.18421973120000001	-0.1343085518	-0.0159046853	-0.0756540127	0.0369425626	0.0405729834	-0.1176657235	0.030768490099999997	-0.1478363959	-0.060129790999999995	-0.0263056258	0.0394225588	0.061478892	-0.022669482400000003	-0.08963014429999999	-0.0886343733	-0.0204371504	0.0	-0.206322	0.00863027	-0.518876	-0.00376911	0.00335984	-0.00296466
656.7800903320312	363.8966979980469	1.43141174	61.54135513	1.31807804	0.7420667700000001	-0.0972256783	-0.0653987001	0.0347284227	-0.0370043492	0.0751623627	0.0373399737	-0.004665445900000001	0.0270538376	0.023887234900000002	0.0027291181	-0.0407909781	-0.0323381564	0.060276363300000003	-0.025626904199999998	-0.0914777049	-0.0857492926	-0.012924018899999999	0.0	-0.18337	-0.08579309999999998	-0.302002	0.000691489	0.00504228	-0.000951351
-1442.74072265625	-349.85382080078125	1.0241729	44.03274536	0.91504127	0.3466911	0.0082019674	-0.0700507787	0.0368933484	-0.0489053658	0.0161988777	0.054704326500000004	-0.0108148213	-0.0105942201	-0.0484822341	-0.041302746099999996	0.017174164	-0.0860727782	0.059059539800000005	-0.028560017200000003	-0.0931300475	-0.0825389354	-0.005334299	0.0	-0.16997	-0.0986023	-0.273894	-0.00253232	0.00608915	0.000625448
916.3947143554688	2240.895751953125	0.81252867	34.9334259	0.76410943	0.34919505	0.012999289099999999	-0.011915513999999999	0.047288137	-0.0716637497	0.0290162973	0.0174374452	-0.010308194100000001	0.0294397013	0.0196954978	0.0519600758	0.0371033424	-0.0537606491	0.0578287101	-0.0314660393	-0.0945836458	-0.0790154797	0.0022870321	0.0	-0.167526	-0.0494712	-0.244958	0.000837357	0.00703789	0.00168071
109.4989013671875	912.9576416015624	0.84488869	36.32469559	0.80308044	0.19822565000000003	0.0192065161	-0.0361790069	0.06565181240000001	-0.0817001991	0.0319389838	0.06566618639999999	-0.0158445256	0.042871622000000005	0.053500471699999996	0.029503377999999997	-0.0311644196	-0.0372654598	0.056584166	-0.034342213999999996	-0.0958353979	-0.0751922912	0.0098948101	0.0	-0.184588	-0.0440755	-0.206996	-0.000455652	0.00720954	0.00297217
915.0718994140624	804.4571533203125	0.99084336	42.59979248	0.88324857	0.5000399	-0.0028304326	-0.0772504957	0.060600937300000005	-0.030929602200000003	0.055707137000000004	0.0310087354	0.0630159042	-0.0426651932	0.0249693094	0.0625189728	-0.012288775200000001	-0.0317049663	0.0553262028	-0.037185813	-0.0968826324	-0.0710838727	0.0174439511	0.0	-0.159556	-0.163345	-0.241365	-0.00459815	0.00613119	0.00417871
-704.9801635742188	-371.2933654785156	1.09357953	47.01677704	0.97797251	0.4070195	0.055689469000000005	-0.10821211060000001	-0.0131221954	0.0712301342	0.0328962331	0.0826533128	0.0292430882	-0.0415943909	-0.0607252856	0.0657082924	0.0719305949	0.009848494499999999	0.0540551187	-0.0399941391	-0.09772311439999999	-0.0667058086	0.0248897185	0.0	-0.170686	-0.108771	-0.412342	-0.00183811	0.00673134	0.00413213
-436.2822570800781	-879.1376342773438	1.56234109	67.17046356	1.32838416	0.9462277	-0.1825164652	0.0035698496	-0.0146083897	0.0300846222	0.0151376138	0.1298111903	-0.1534812777	0.0086398653	0.028460537200000004	0.0561594975	-0.0313971694	0.068412742	0.0527712152	-0.042764528200000006	-0.09835505050000001	-0.0620747066	0.0321879883	0.0	-0.235056	0.0130472	-0.49863	0.008091529999999998	0.008056729999999998	0.00191213
-1384.771728515625	-411.9506530761719	1.577703	67.83092499	1.39114308	1.1239882	-0.0790041042	0.0693390503	0.030630180299999997	0.0217949162	0.006955088199999999	0.0418993411	-0.0876308336	-0.0196001196	0.0814843309	0.00788839	-0.046790024400000005	-0.1618599016	0.0514747969	-0.045494352599999996	-0.09877709189999999	-0.057208134	0.0392955107	0.0	-0.178496	-0.160345	-0.178743	-0.00018436	0.0049378	0.00182397
-24.386383056640625	101.26756286621094	1.35600388	58.29931259	1.20386291	0.7442537999999999	0.000167905	0.12443793859999999	-0.0431313191	0.0286505074	0.0347594698	0.035810716299999996	-0.0771109367	0.0511494379	0.0471193029	0.054183856399999994	-0.0132304444	-0.057270615	0.050166170999999996	-0.0481810229	-0.09898833800000001	-0.0521245513	0.0461701662	0.0	-0.175149	0.0658192	-0.0951429	0.00345302	0.00708141	0.00466583
369.59283447265625	418.6108093261719	1.23795807	53.22411346	1.05866861	0.5204319500000001	-0.0080469985	0.18343975280000002	-0.004822205	0.049800026100000006	0.0697370646	0.0960081087	-0.044724535	0.0462945984	0.08285859150000001	0.1113600459	-0.0579973158	-0.0295658346	0.048845648	-0.0508219905	-0.09898833800000001	-0.046843242300000004	0.0527712152	0.0	-0.162802	-0.0504639	0.0264792	0.000862535	0.0053157	0.00361843
557.134521484375	1545.7978515625	1.30337167	56.03646851	1.08228958	0.40046165	0.0680616035	0.1198071927	-0.069081558	-0.0272189306	-0.1182186257	0.027597006099999998	-0.0758907936	0.0528128567	0.1091035457	0.069963498	0.061292032999999996	-0.1121463591	0.0475135411	-0.0534147504	-0.09877709189999999	-0.0413842409	0.059059539800000005	0.0	-0.175979	-0.0357752	-0.162002	0.002843	0.00663184	0.00323274
-525.1987915039061	171.39102172851562	1.15192747	49.52536011	0.9990052	0.5524304	0.0026600263	0.0612448402	0.0201560088	-0.040106594100000004	-0.0913980731	0.0194821983	-0.0179925224	-0.0149256901	0.0384044884	-0.0016643593	0.022523329900000003	-0.043917942300000005	0.0461701662	-0.0559568432	-0.09835505050000001	-0.0357682548	0.064997875	0.0	-0.136177	-0.0930741	-0.165284	-0.00467143	0.00536801	0.00349543
-292.0945739746094	-382.2032470703125	1.05005264	45.14540482	0.93095487	0.4663129	0.0748112365	-0.0616661122	0.0528346517	-0.0253912921	-0.055420107999999996	0.0545722664	0.0055183026	-0.0547646113	0.04860337309999999	0.06896808089999999	0.0217245143	0.031184263599999998	0.0448158418	-0.0584458575	-0.09772311439999999	-0.0300165875	0.0705510299	0.0	-0.175774	-0.202789	-0.297391	-0.0062795	0.00682556	0.00412769
-1725.2716064453125	-1698.8287353515625	1.42274761	61.16885376	1.25838208	0.4757475	-0.1151974866	-0.0083707643	0.0646433748	-0.0059706949	0.061142078499999995	0.023424601	0.021645959399999998	-0.027332277999999998	0.0509994035	-0.0542357703	-0.0949958183	-0.045154478600000006	0.0434508891	-0.0608794324	-0.0968826324	-0.024151057099999998	0.0756860964	0.0	-0.144519	-0.176661	-0.23734	-0.00371873	0.00458455	0.0017632
-4355.26123046875	-4660.4228515625	2.04701591	88.00831604	1.87359977	0.517415	0.0574418204	-0.07358181009999999	0.0359630282	0.09050709650000001	0.0995835392	-0.2161575224	0.262481697	-0.041803373	-0.06753818889999999	-0.035482016400000004	-0.0905073259	-0.21854363989999998	0.04207563190000001	-0.06325525950000001	-0.0958353979	-0.0181939134	0.0803726437	0.0	-0.100815	-0.231103	-0.121087	-0.00699278	0.0036085	0.00357342
-2771.156982421875	-2574.736083984375	1.94777131	83.74144745	1.84914827	1.6254038999999998	0.1538416527	-0.07711138990000001	-0.0027877808	0.1212947794	0.0881506733	-0.12068281439999999	0.22670880129999998	-0.0407266036	-0.1855576357	-0.0040273028	0.0778466507	0.0765701525	0.0406903962	-0.0655710851	-0.0945836458	-0.0121677539	0.0845828993	0.0	-0.0516301	-0.595016	-0.101274	-0.026749	0.00595214	0.00532342
-4479.927734375	-5144.611328125	1.81277144	77.93733215	1.76994884	0.6227016000000001	0.17465035059999998	-0.060807174699999994	-0.0395430465	0.1240586259	0.19305300390000002	-0.2457361947	0.34394542969999997	-0.0067751379	-0.1549548558	-0.0224981586	-0.0982595846	0.0152356644	0.0392955107	-0.0678247126	-0.0931300475	-0.006095438000000001	0.08829191300000001	0.0	0.0313142	-0.591307	-0.0986617	-0.0288437	-0.00172238	0.00442392
-737.3548583984375	-738.518310546875	2.34866571	100.97728729	2.25940943	2.4417625	-0.023271165400000002	0.163327957	-0.0173051964	0.1048233115	0.2260479507	0.0792717505	-0.025553840699999997	0.2527160123	-0.0861628374	0.098248415	-0.1192846809	0.22568059769999999	0.037891306	-0.0700140042	-0.0914777049	-0.0	0.0914777049	0.0	-0.0661551	-0.0158801	-0.0288384	0.00346184	-0.00100253	0.00346845
-1285.7506103515625	262.57489013671875	1.90813577	82.0373764	1.78494537	0.8429636	0.16047468980000001	0.0523164675	-0.0880246933	0.1368735662	0.037818926600000004	0.0122123072	0.0949267935	0.1696883611	0.051415825899999996	-0.0143838756	0.0580342478	0.064109729	0.036478115299999996	-0.0721368833	-0.08963014429999999	0.006095438000000001	0.094121396	0.0	-0.125203	0.146563	-0.358863	0.00583945	0.00214897	0.0037683
-4800.208984375	-3779.081787109375	2.02992916	87.2736969	1.94843447	1.4436756	0.0015506486	-0.0746489076	-0.2254077626	0.0644842909	-0.1147829664	0.0736077636	-0.18318825149999998	-0.0804325689	-0.22931441670000002	-0.0692056424	0.0746836355	0.1200745493	0.0350562737	-0.0741913362	-0.08759130849999999	0.0121677539	0.09620731960000001	0.0	-0.193603	-0.0261151	-0.8155529999999999	-0.00599325	0.00498148	0.00351536
-3930.198486328125	-1969.1136474609373	1.89436471	81.4453125	1.77346611	0.7813799000000001	-0.2568829694	-0.020140123700000002	-0.0208201254	0.0027436103999999998	-0.0289209473	-0.0603933427	-0.10911164220000001	-0.10000443640000001	0.0820680045	-0.1850626788	-0.1628900234	-0.1538788726	0.0336261182	-0.0761754141	-0.0853655484	0.0181939134	0.09772311439999999	0.0	-0.161348	-0.273418	-0.526569	-0.00271754	0.00438474	0.00389967
799.2806396484375	1198.4796142578125	1.69861853	73.02950287	1.59648776	0.8840348	-0.028321489300000002	0.1135126691	-0.034090689	-0.0097076026	-0.014726208700000002	0.0172234053	-0.0685046027	0.1116734259	0.052138762699999994	0.0687781579	0.014755181899999999	-0.066810532	0.0321879883	-0.078087235	-0.08295761389999999	0.024151057099999998	0.09865979789999998	0.0	-0.152073	-0.0503502	-0.188373	0.00182779	0.00282333	0.00373649
-850.4901123046875	-946.1459350585938	1.12203324	48.24010086	1.02963483	0.7078771	-0.017005741	0.0802466006	0.013027123500000001	0.0506784318	0.036933904100000005	0.0432195021	-0.040189782400000006	-0.0302630331	0.0114483282	0.0267577175	-0.003295608	-0.11033390400000001	0.0307422248	-0.0799249855	-0.0803726437	0.0300165875	0.099011819	0.0	-0.0896302	-0.167652	-0.12949500000000003	-0.00468049	0.00161806	0.00540803
721.0203247070312	1386.978515625	1.05307233	45.27523422	0.98170763	0.46745495	0.0175423576	0.13769203630000001	-0.0429486967	0.0379739544	0.0103426636	0.0968823627	-0.09297765460000001	0.0039126935	0.09131989619999999	0.0670348665	0.0482658064	-0.0195738972	0.0292891706	-0.0816869222	-0.0776161543	0.0357682548	0.09877709189999999	0.0	-0.0948438	0.0236775	-0.123938	-0.000128883	0.00198992	0.00579166
-87.59425354003906	719.16552734375	1.02998292	44.28253937	0.98410541	0.54875925	0.0134776521	0.1268308247	-0.0142475929	0.025014359	-0.0268756309	-0.0042829109	-0.0517554844	0.1123495484	0.059664105499999995	-0.0380747836	-0.00011667909999999999	0.0163702706	0.0278291704	-0.083371374	-0.074694028	0.0413842409	0.0979570074	0.0	-0.163802	-0.148658	-0.0999683	-0.0021373	0.00426913	0.00440937
876.4474487304688	-715.9912109375	1.17294562	50.42900085	1.05799913	0.29856479	0.023211640899999997	0.0970398365	-0.0030989658000000002	0.0097718017	-0.1028202772	-0.042033464000000006	-0.0366282071	0.06790974	0.0318472927	0.0414205002	0.10963116	0.1119957132	0.026362570499999998	-0.08497674300000001	-0.0716125009	0.046843242300000004	0.09655642539999999	0.0	-0.198806	0.00249209	-0.167229	-0.00301139	0.00429804	0.00440937
-2017.7296142578125	-2349.36669921875	1.45578051	62.58905411	1.32094884	0.52893459	0.0584503713	0.008696141999999999	0.0186251893	-0.0019906198	-0.09995595539999999	-0.0813866095	0.030681671	-0.0391955248	0.0561016321	0.0052702747999999995	0.031615144500000004	0.0014668848000000002	0.0248897185	-0.08650150640000001	-0.06837814910000001	0.0521245513	0.0945836458	0.0	-0.19863	-0.07989899999999998	-0.242733	-0.00944209	0.00520263	0.00449135
-2548.21923828125	-3057.3984375	1.66212654	71.46058655	1.47113371	0.86348825	0.0160531943	0.057427183099999994	0.0029318791999999997	-0.05998716	0.0862180824	-0.1644402878	0.1043961358	0.039742127200000005	0.0485285939	-0.024833402400000003	-0.0865256708	-0.1490439357	0.0234109638	-0.08794421779999999	-0.064997875	0.057208134	0.09205035939999999	0.0	-0.150853	-0.126949	-0.11516	0.000559125	0.00678983	0.0057247
-873.239990234375	-2678.71142578125	1.95145619	83.89987183	1.85036016	0.17340540000000007	0.11504056289999999	0.059121748099999996	-0.0201591041	-0.0884301398	-0.0600080112	0.10760636300000001	-0.10565734759999999	0.0113819674	-0.0036702626000000003	0.048588478899999996	0.237457975	0.17358061219999998	0.0219266571	-0.08930350890000001	-0.061478892	0.0620747066	0.08897157859999999	0.0	-0.168151	-0.0366714	-0.127357	0.000357109	0.00614261	0.00550128
-2080.6982421875	-97.2432861328125	1.73755276	74.70342255	1.5849613	0.8413700499999999	0.0050485021	-0.0628652463	0.0704809456	-0.0433267418	-0.039942222799999996	-0.0159123378	0.011188385600000001	-0.0760781011	0.0578747221	-0.06854987950000001	-0.021630737799999997	0.057417749500000004	0.0204371504	-0.0905780901	-0.0578287101	0.0667058086	0.0853655484	0.0	-0.192738	-0.122235	-0.263331	-0.0105303	0.00551076	0.00588693
-1288.2816162109375	-15.806297302246096	1.26224494	54.26828766	1.12250817	0.20922699999999989	0.010058690600000001	-0.055553414100000004	0.08160654440000001	-0.0353428465	0.020508533	-0.047595544299999994	0.0595700583	-0.0861011559	0.0382690699	-0.0810435959	0.024832758700000002	-0.0296009644	0.0189427969	-0.0917667526	-0.0540551187	0.0710838727	0.0812536382	0.0	-0.165836	-0.197837	-0.215868	-0.00952444	0.00558297	0.00599406
967.1976318359376	440.28692626953125	1.1885072	51.09804916	1.06023598	0.7055111000000001	0.0563227439	0.032317154199999996	0.0480325211	-0.0883227055	0.1123297364	0.060330674699999996	0.056314339000000005	0.0570250726	0.07002290559999999	0.0800238275	0.0097370237	0.0207924296	0.0174439511	-0.0928683687	-0.050166170999999996	0.0751922912	0.0766602155	0.0	-0.165384	-0.0726857	-0.0886917	-0.00101738	0.00589937	0.00576289
-928.4169311523438	-614.2760620117188	1.08412182	46.61015701	0.959472	0.41634768	0.0830070818	-0.0764741677	0.019708588500000002	-0.06430811759999999	0.0178098953	0.011102926599999998	0.0770075155	0.0319215303	-0.06850844269999999	0.013245878899999999	0.0106663105	0.0582815536	0.0159409684	-0.09388189359999999	-0.0461701662	0.0790154797	0.0716125009	0.0	-0.183413	-0.00159882	-0.28254	-0.00162881	0.00508613	0.00451989
-374.125244140625	5.410900115966797	1.2875973	55.35827637	1.1354003	0.51993158	0.0508869749	-0.1071841141	0.0641328811	-0.0340170571	0.007327750500000001	-0.0032841576	0.056464884900000005	-0.0744883216	-0.014315535800000001	0.0922863914	0.0523779992	-0.0175920028	0.0144342052	-0.0948063657	-0.04207563190000001	0.0825389354	0.06614040759999999	0.0	-0.17830299999999996	-0.08350639999999998	-0.354461	-0.00680716	0.00607274	0.00557479
-635.5835571289062	786.629150390625	1.27928758	55.00101089	1.11242497	0.3755081	-0.11863966769999999	-0.0325022231	0.06840542570000001	-0.0201206169	0.0582629537	0.0740277996	-0.059293929	-0.1049133101	0.0021795925	0.0362425862	0.0017678247000000001	-0.017120770900000002	0.012924018899999999	-0.0956409084	-0.037891306	0.0857492926	0.060276363300000003	0.0	-0.146322	-0.176497	-0.211312	-0.00547837	0.00585941	0.00618042
-576.1043701171875	-421.0588684082031	1.13114166	48.63170624	1.01502728	0.4812654	0.0008023669	-0.0316001618	0.0099101312	-0.0077656423	0.05331577690000001	0.1258916094	0.024629249300000003	-0.0224025708	0.0689006335	-0.0281474635	-0.0831467828	0.0304397325	0.0114107675	-0.0963847298	-0.0336261182	0.0886343733	0.0540551187	0.0	-0.182516	0.0191744	-0.211787	-0.00110055	0.00641157	0.00622894
1576.1561279296875	2155.253173828125	1.09363031	47.01896286	0.99083865	0.5820462	0.0186497551	0.009386506	0.031542292	0.06949229900000001	0.046242659299999996	0.0236133119	0.0591043604	0.0025922685999999998	0.0623685227	0.1109067208	0.0305979431	0.0021271437	0.0098948101	-0.0970371244	-0.0292891706	0.0911832336	0.0475135411	0.0	-0.216199	-0.0299543	-0.294864	0.00461287	0.00727739	0.00448503
-1018.52099609375	-21.21616554260254	1.04816782	45.0643692	0.94387645	0.6706038	-0.0195860679	-0.0520929541	0.00738566	0.1129796881	-0.0394016343	0.0436453138	-0.0024281554999999997	-0.0644509261	-0.024419690499999997	-6.10033e-05	0.07038237230000001	-0.0358481503	0.0083765061	-0.09759747349999999	-0.0248897185	0.09338620460000001	0.0406903962	0.0	-0.138687	0.005472	-0.354685	-0.00175424	0.00473396	0.00553138
620.083251953125	1311.9708251953125	0.99278742	42.68337631	0.91157174	0.18663979	0.0336351456	-0.0337762954	0.010235509399999999	0.1002224353	-0.049669096600000004	-0.0307932037	0.0574796088	-0.0471926563	-0.0203094979	0.09515559970000001	0.0752930242	0.06837982849999999	0.006856215600000001	-0.09806524550000001	-0.0204371504	0.09523492970000001	0.0336261182	0.0	-0.138527	-0.00428829	-0.369486	-0.00401451	0.00520714	0.0060363
-1916.0938720703125	55.876548767089844	1.08339536	46.57892609	1.00178146	0.59027571	-0.1037853422	-0.0035121671999999997	0.0021138165	0.0512422205	-0.047376372199999996	0.0024657889000000003	-0.0724402505	-0.10967024119999999	-0.0695767079	-0.0228346886	-0.0358411012	-0.0197341527	0.005334299	-0.0984399966	-0.0159409684	0.09672239619999999	0.026362570499999998	0.0	-0.127336	-0.261507	-0.229835	-0.00677481	0.00495852	0.00667168
86.10411071777344	764.0635375976562	1.16886342	50.25349426	1.08557916	0.5708035528	0.0713937488	-0.011199313	-0.0065065689	0.080210958	-0.1011656305	0.0045989657	0.0510828316	-0.0526659325	0.0244097874	0.0327941211	0.0572218658	0.0538546811	0.0038111175	-0.09872137140000001	-0.0114107675	0.09784296140000001	0.0189427969	0.0	-0.141658	9.75528e-05	-0.314463	-0.00392677	0.0057037	0.00605992
-2489.291748046875	-644.18701171875	1.39967096	60.17671204	1.348014	0.5978916327999999	-0.042532505899999996	-0.0656311075	-0.056052120999999996	0.06885927139999999	-0.17871604079999998	-0.1501746031	-0.0630836501	0.0186059147	-0.1482143769	-0.0134587744	0.1116220929	0.17129387420000003	0.0022870321	-0.0989091031	-0.006856215600000001	0.09859237480000001	0.0114107675	0.0	-0.239001	-0.00568158	-0.58624	-0.00254801	0.00712447	0.0043996
-448.25	952.78125	1.37344575	59.04919815	1.32572293	1.22043467	-0.0822599745	-0.0103628297	0.049954537599999994	0.018584153200000002	-0.098732954	-0.0912086526	0.0196421673	-0.07898061719999999	0.0087366517	-0.0039612434	0.0383608307	0.0686583879	0.0007624042999999999	-0.09900301339999999	-0.0022870321	0.09896779359999999	0.0038111175	0.0	-0.112454	-0.219123	-0.251544	-0.00701379	0.000758795	0.00431605
194.32293701171875	1456.31201171875	1.14704108	49.31527328	1.06848681	0.6389930500000001	-0.0731061685	0.0412618967	0.056372547599999996	-0.005830258499999999	-0.0282856971	-0.0023813657999999997	-0.0398142722	-0.0372025904	0.0608873805	0.0210603691	-0.028589817799999997	0.0013451982	-0.0007624042999999999	-0.09900301339999999	0.0022870321	0.09896779359999999	-0.0038111175	0.0	-0.10768	-0.0825677	-0.117785	-0.00382699	0.00332803	0.00583811
697.3958740234375	2118.7490234375	1.0043602	43.18093109	0.88734609	0.4440396	-0.0323084127	0.0953443978	-0.016439238300000002	-0.0205344926	-0.0112236643	-0.0241206803	-0.0516826713	0.0335991084	0.0446339531	0.0436877259	0.0021873655	0.0113458248	-0.0022870321	-0.0989091031	0.006856215600000001	0.09859237480000001	-0.0114107675	0.0	-0.13402	-0.0541282	-0.0357539	0.00146933	0.0041082	0.00577002
865.0313110351562	1772.4671630859375	1.02490568	44.06425095	0.89813763	0.24589805	-0.0042461194	0.1222305518	-0.0399044984	-0.0427879593	-0.085790764	0.0179036617	-0.08236317259999999	-0.012563361	0.0577563545	0.030231076699999998	0.0406840619	-0.011309922	-0.0038111175	-0.09872137140000001	0.0114107675	0.09784296140000001	-0.0189427969	0.0	-0.120972	0.0568032	-0.0143341	0.000862263	0.00430758	0.00456649
-67.70822143554689	789.4666748046875	1.33308446	57.3139267	1.18970501	0.62755775	0.0820929789	0.053493295700000006	-0.0815580725	-0.0862151068	-0.12316162970000001	-0.0538563733	0.0166273053	0.0779488455	0.0575269785	0.0077188055	0.0837192812	0.1397738513	-0.005334299	-0.0984399966	0.0159409684	0.09672239619999999	-0.026362570499999998	0.0	-0.185016	0.0239927	-0.226661	0.00604739	0.00380553	0.00388614
-3585.38525390625	-5247.53369140625	2.09709215	90.16126251	1.97637546	0.88262905	-0.2230642901	0.0769792958	-0.052076507800000005	-0.17789946469999998	-0.037901387200000004	0.0114909296	-0.2718097291	-0.0192925596	-0.0057590678	-0.21550282559999998	-0.2482599511	-0.0812277634	-0.006856215600000001	-0.09806524550000001	0.0204371504	0.09523492970000001	-0.0336261182	0.0	-0.220694	0.0561233	-0.191425	0.015496	0.00230406	-0.000755469
-200.09359741210938	-891.5031127929688	2.0201025	86.85121918	1.78891683	0.6365710499999999	0.0045843238	0.0115798477	-0.04503995190000001	-0.1784690351	-0.12626928029999998	0.09313398789999999	-0.1156324802	0.0292497077	0.0138602254	0.0591929754	-0.0423108505	-0.17549848	-0.0083765061	-0.09759747349999999	0.0248897185	0.09338620460000001	-0.0406903962	0.0	-0.181055	0.0614493	-0.109401	0.00627761	0.0017928	-0.00121746
-5106.4892578125	-4256.40966796875	1.91657782	82.40032959	1.81967676	0.6666104500000001	-0.026402662599999998	0.0104616748	-0.0639058768	-0.20059137629999998	-0.020744956000000002	0.0465352438	-0.2398413476	-0.0096197681	-0.2965133609	-0.09987481869999999	-0.0209867594	-0.17028917510000002	-0.0098948101	-0.0970371244	0.0292891706	0.0911832336	-0.0475135411	0.0	-0.0817983	-0.0496009	0.0428688	0.00501116	-0.000338445	0.00146552
-1483.10400390625	-890.910400390625	1.63641322	70.35507965	1.54688668	0.4897276	-0.0900970951	0.0575553412	-0.030380723199999998	-0.1695098618	-0.0008374555	0.0255056707	-0.1203991199	0.14003616060000001	-0.0315918534	-0.1379831295	-0.0516731512	0.039837549900000005	-0.0114107675	-0.0963847298	0.0336261182	0.0886343733	-0.0540551187	0.0	-0.12885	0.07539959999999998	-0.0664726	0.00701222	0.000647805	0.00264489
478.781494140625	1443.089111328125	1.35134864	58.09916687	1.25893509	0.22573575000000004	0.0679987277	-0.014743913	0.025235793	-0.133325791	0.0170815701	0.001802191	0.0193840275	0.07847227700000001	0.0715254788	-0.0184380364	0.0426612082	0.0069489975	-0.012924018899999999	-0.0956409084	0.037891306	0.0857492926	-0.060276363300000003	0.0	-0.109525	0.0459112	-0.0500515	0.00489035	0.00116053	0.00322032
134.41694641113278	1035.588623046875	0.88065094	37.86223984	0.83289105	0.30676630000000005	0.0402123273	-0.0908889917	0.0612176834	-0.1137300497	0.008550717	0.0041475453	0.0333608444	0.0345264654	0.0306340444	-0.033524522200000004	-0.021527306800000003	-0.057646151799999996	-0.0144342052	-0.0948063657	0.04207563190000001	0.0825389354	-0.06614040759999999	0.0	-0.128864	-0.0266499	-0.110366	0.00270253	0.000775586	0.00270205
-859.1351318359375	474.1818237304688	0.82943308	35.66020584	0.76469737	0.30048795000000006	0.0944757574	-0.1231618994	0.006539778	-0.0781384865	0.0234913254	0.0351112955	0.0443597377	0.0860000016	-0.0386811939	-0.013568132	0.041737728700000004	-0.0134244407	-0.0159409684	-0.09388189359999999	0.0461701662	0.0790154797	-0.0716125009	0.0	-0.13666	0.137055	-0.191507	0.00236698	0.000154215	0.00270205
28.50032043457031	1268.0250244140625	0.90923786	39.09128952	0.82055289	0.2073978	-0.0373445019	-0.10048033740000001	0.0612844198	-0.0607820585	0.0356945333	0.045845897999999996	0.0040500460999999995	-0.0221331889	0.0175362496	-0.0006280484	-0.0110786505	0.008832068	-0.0174439511	-0.0928683687	0.050166170999999996	0.0751922912	-0.0766602155	0.0	-0.142767	0.043576	-0.2215	0.00193076	0.000763691	0.00321273
-1963.7080078125	927.5870361328124	1.1209625	48.19406891	0.97032416	0.79925815	0.0402874186	-0.2228961455	0.0109838277	0.011692693	-0.09729366769999999	0.0626450929	0.0127920931	-0.1411306236	-0.06249484190000001	-0.0966594385	0.1011621421	0.0701793665	-0.0189427969	-0.0917667526	0.0540551187	0.0710838727	-0.0812536382	0.0	-0.138384	-0.0105907	-0.434761	-0.00459026	0.00295845	0.0050459
-479.228759765625	212.8990173339844	1.13160002	48.65140915	1.02990556	0.21579950000000003	-0.102843466	-0.1565674521	0.056099518099999995	0.07086686589999999	-0.06339132809999999	0.0204344253	0.0382953234	-0.122194892	0.0260533612	-0.022953413399999997	-0.0374742113	0.0673438393	-0.0204371504	-0.0905780901	0.0578287101	0.0667058086	-0.0853655484	0.0	-0.163836	0.0635948	-0.408643	-0.00436062	0.00417641	0.00539918
559.0941772460939	1194.4921875	1.11313057	47.85734558	1.05782664	0.6010373	-0.09625167189999999	-0.152714457	0.080069245	0.07686503410000001	-0.038225102999999996	0.0584280478	-0.0010977969	-0.1982728486	-0.006928295500000001	0.09543855300000001	-0.078403088	-0.0434899778	-0.0219266571	-0.08930350890000001	0.061478892	0.0620747066	-0.08897157859999999	0.0	-0.146364	-0.134403	-0.267437	-0.00559351	0.00605214	0.00717779
-1645.3328857421875	-398.7895202636719	1.3634094	58.61769867	1.36132884	0.3708853	-0.0789351079	-0.1417937397	0.0354558719	0.09067381039999999	0.0031490178000000003	-0.0205346042	0.033347705	-0.0144641541	-0.0961805659	-0.0989138489	-0.05740695480000001	0.0303606978	-0.0234109638	-0.08794421779999999	0.064997875	0.057208134	-0.09205035939999999	0.0	-0.188004	-0.0727352	-0.23183	-0.00280491	0.0063208	0.00559564
-4051.072509765625	-4884.6025390625	1.80606449	77.64897919	1.77687383	0.9365943	-0.0194151838	-0.151702441	0.1069945732	0.12354478740000001	0.0396312827	-0.2290868673	0.30494543890000003	-0.0991208093	-0.0065225883	-0.2067929704	-0.0551293893	0.0593475986	-0.0248897185	-0.08650150640000001	0.06837814910000001	0.0521245513	-0.0945836458	0.0	-0.14524	-0.160394	-0.061374	-0.0103122	0.00290714	0.00380228
414.18798828125	623.55322265625	2.09462667	90.05526733	2.03879309	0.8027209	-0.006512326800000001	-0.0255070379	0.028332726699999998	0.1120518294	0.0104647565	0.0746935661	0.0621775235	-0.028412230299999997	0.0555597926	0.06316062110000001	-0.029857059	0.0127269342	-0.026362570499999998	-0.08497674300000001	0.0716125009	0.046843242300000004	-0.09655642539999999	0.0	-0.129578	0.0395514	-0.126941	-0.00212666	0.00457191	0.0043829
129.72967529296878	-465.54107666015625	1.65762591	71.26708984	1.500844	0.8589009999999999	0.0122038871	0.0397831626	0.0040812290000000005	0.0500387324	0.1228038918	-0.1584948235	0.1229354456	0.033740895800000004	-0.029334202200000003	0.0346738221	-0.0252145105	-0.0715498451	-0.0278291704	-0.083371374	0.074694028	0.0413842409	-0.0979570074	0.0	-0.0378778	-0.148083	0.171102	-0.00102177	0.000810692	0.00514726
746.3963623046875	1711.3021240234375	1.58356082	68.0827713	1.38811898	0.38285615	-0.005171831	0.0485719791	-0.041695998399999996	0.0182875991	0.1302734851	0.0069840121	0.0116204799	-0.0754976101	0.0401037962	0.05471300269999999	-0.0324418545	-0.0235476988	-0.0292891706	-0.0816869222	0.0776161543	0.0357682548	-0.09877709189999999	0.0	-0.0183031	-0.272448	0.305859	-0.00165884	-0.000380237	0.00540245
183.0318298339844	-884.5733642578125	1.61984801	69.6428833	1.3877753	0.85728865	0.0386312334	0.0077326496	-0.0811981808	-0.0961681882	0.1761123754	0.05786286400000001	0.0496144626	0.1511288675	-0.0017433770000000002	-0.021319752400000003	-0.0917038856	0.0784654634	-0.0307422248	-0.0799249855	0.0803726437	0.0300165875	-0.099011819	0.0	-0.0361156	0.018321	0.227925	0.00607526	-0.00101603	0.00435688
1080.792236328125	-524.4801025390625	1.79277265	77.07751465	1.49750543	0.8701239	0.118950816	-0.06474176799999999	0.014663713899999998	-0.0360675986	0.0251196819	-0.1609486233	0.1324763275	-0.0484234379	-0.018706910400000002	0.1183466957	-0.0245241127	-0.0970543658	-0.0321879883	-0.078087235	0.08295761389999999	0.024151057099999998	-0.09865979789999998	0.0	-0.0178943	-0.17233	0.0277804	-0.00204095	-0.00172757	0.00396249
480.3964538574219	945.5505981445312	1.61712825	69.5259552	1.4871769	0.5556218	-0.0269752744	0.0919787098	-0.0416778326	-0.030416753900000003	0.0608807375	-0.049901323600000005	-0.060435438200000004	0.0701021171	-0.0702461496	0.019049557800000002	-0.0055179311	0.0635515012	-0.0336261182	-0.0761754141	0.0853655484	0.0181939134	-0.09772311439999999	0.0	-0.0425099	-0.0757737	0.201768	0.00172314	-0.000374374	0.00405445
-724.5306396484375	-2509.793701171875	1.39804041	60.10660934	1.3178668	0.438538	-0.03338934	0.052217353700000003	-0.0530029121	0.0032056795	0.0297157225	-0.048997077	-0.0191395194	-0.014275236	0.0924882299	-0.0651909555	-0.0622547995	0.0074668728000000005	-0.0350562737	-0.0741913362	0.08759130849999999	0.0121677539	-0.09620731960000001	0.0	-0.01852	-0.132274	0.309777	-0.00245977	0.000423232	0.00403419
-28.7076416015625	-1501.169189453125	1.29330051	55.60347366	1.17931652	0.5964704999999999	-1.66463e-05	0.058715263399999995	-0.0991548717	0.0257533052	0.0771930886	-0.0232720727	0.0213746561	0.1026569008	0.0173692827	-0.032390487	-0.0897023133	-0.0125040458	-0.036478115299999996	-0.0721368833	0.08963014429999999	0.006095438000000001	-0.094121396	0.0	-0.0170821	-0.106371	0.318633	0.00351032	-0.00252318	0.00174522
32.20904541015625	-2232.325927734375	1.39162421	59.83075333	1.211797	0.7573252999999999	0.051468579199999996	0.031109181	-0.054188235700000004	0.0812266511	0.0413482475	-0.0586180134	0.0327517702	-0.023167191400000002	-0.0307989129	0.0308190223	0.051515637999999996	0.0525069275	-0.037891306	-0.0700140042	0.0914777049	0.0	-0.0914777049	0.0	0.0153242	-0.162562	0.28082	-0.00574907	-0.00144916	0.00403011
-1510.124267578125	-1071.045166015625	1.71085012	73.55538177	1.46441519	0.6944498000000001	-0.0391874226	0.0824527967	-0.1364004649	0.0072309678	0.1065197659	0.0350166101	-0.107256639	0.0755214319	-0.0324391896	-0.0406007658	-0.054150026600000005	0.1025252257	-0.0392955107	-0.0678247126	0.0931300475	-0.006095438000000001	-0.08829191300000001	0.0	0.0236081	-0.0565481	0.407245	0.00184506	-0.00208234	0.00318288
211.82369995117188	223.64178466796875	1.41814125	60.97081375	1.23632622	0.60662214	0.0508951259	0.0368636737	-0.0641468679	0.050902253200000004	0.0221027519	0.0451388035	-0.0253112161	0.043153919699999994	0.0121878996	-0.0266215843	0.0371234115	-0.0081189929	-0.0406903962	-0.0655710851	0.0945836458	-0.0121677539	-0.0845828993	0.0	-0.00998229	0.100314	0.191223	0.00323746	-0.000284477	0.00399557
698.0216064453125	-64.82749176025389	1.19461823	51.36078262	1.06836081	0.51339722	0.0110579074	0.043882648600000004	-0.0001005363	0.0734113467	0.0084364291	-0.0393455786	0.0370365839	-0.060480193200000004	-0.0155986224	0.0734552582	0.015385353999999999	0.0175906546	-0.04207563190000001	-0.06325525950000001	0.0958353979	-0.0181939134	-0.0803726437	0.0	-0.00550112	-0.0692017	0.196113	-0.00162797	-0.000738334	0.00536649
1328.6258544921875	1363.9844970703125	0.92755359	39.87874603	0.85506785	0.31205823	-0.007412768399999999	0.057933827300000004	-0.005391856899999999	0.0607008218	0.0577310362	0.045525322	0.0055794239	-0.010758191299999999	0.042024697199999995	0.0678362797	0.0492862201	0.0631835303	-0.0434508891	-0.0608794324	0.0968826324	-0.024151057099999998	-0.0756860964	0.0	0.0129294	-0.195994	0.299261	-0.00221413	-6.51358e-05	0.0053521
1983.97998046875	1610.0152587890625	0.84025913	36.12565613	0.78397667	0.27804149	0.027715018799999998	0.0527040665	-0.0659717615	0.0588158106	0.0817091216	0.0456630018	-0.0034301007	0.0064631186	0.043724262	0.0684202316	-0.021328306800000002	0.05005900940000001	-0.0448158418	-0.0584458575	0.09772311439999999	-0.0300165875	-0.0705510299	0.0	-0.0211612	-0.114159	0.306862	-0.000415401	0.0007937629999999998	0.00578477
234.52169799804688	741.0772094726562	0.9587819	41.22135925	0.85138184	0.35591890000000004	0.0077953495	-0.0034028278000000005	0.012529557	0.089962971	-0.0078826546	0.15247223880000002	-0.0609858972	0.0095654648	0.012001164699999999	-0.0416561245	0.0198250871	-0.0447580169	-0.0461701662	-0.0559568432	0.09835505050000001	-0.0357682548	-0.064997875	0.0	-0.0368153	-0.097591	0.195248	-0.00358711	0.00120713	0.00644135
332.18841552734375	-21.298309326171875	1.00118899	43.04459	0.90299714	0.2392894	-0.0473970524	0.0308193033	0.0277211782	0.0818680255	0.0319751566	0.09713650189999999	-0.0138124058	0.0264636213	0.0544064855	-0.01239928	-0.026683271499999998	0.0114659624	-0.0475135411	-0.0534147504	0.09877709189999999	-0.0413842409	-0.059059539800000005	0.0	-0.0149145	-0.017628399999999995	0.19623	-0.00155267	0.00051269	0.00644135
1074.5113525390623	461.638671875	1.00432956	43.17961121	0.93960434	0.13398831000000003	0.029874497200000003	0.0286530969	0.0110841769	0.0952252606	0.022080147799999998	0.0783629109	-0.0016069206	-0.0164420991	0.051858758	0.0397965335	0.047854392999999995	0.0276802617	-0.048845648	-0.0508219905	0.09898833800000001	-0.046843242300000004	-0.0527712152	0.0	-0.00647689	0.010282800000000002	0.222567	-0.00148785	-0.00040266	0.00688723
-197.22821044921875	-742.36181640625	1.02597463	44.11021042	0.92874217	0.46767751	0.0032081059000000005	0.0015509633	0.041245260299999996	0.047235945300000005	-0.0346704096	-0.0071658161	0.0248397318	-0.0629843485	0.012254238600000002	0.0374818325	-0.0450202983	-0.08092988429999999	-0.050166170999999996	-0.0481810229	0.09898833800000001	-0.0521245513	-0.0461701662	0.0	-0.0140927	-0.10519800000000001	0.243237	-0.00572136	0.000194458	0.00523964
705.1572265625	794.6688842773438	1.13995886	49.01078415	1.05467463	0.38811984999999993	0.0061387985	0.0644746092	-0.0015253077999999999	0.047329709000000005	0.0255970644	-0.0370907421	-0.0099889183	0.023709204700000003	0.026622855299999998	0.0085320507	0.0110022044	-0.0231104719	-0.0514747969	-0.045494352599999996	0.09877709189999999	-0.057208134	-0.0392955107	0.0	-0.0143537	-0.21314	0.316007	-0.00224707	0.000229445	0.0058733
787.5114135742188	147.32461547851562	1.16961944	50.2859993	1.12657189	0.41104331000000005	0.0086149021	0.0786354128	-0.0368500248	0.030679759700000003	0.0415701984	0.038822385099999995	-0.0237479569	0.0124714763	0.0288326539	0.0781125818	-0.0132891694	0.030596993	-0.0527712152	-0.042764528200000006	0.09835505050000001	-0.0620747066	-0.0321879883	0.0	0.00921435	-0.00279574	0.347357	0.000514023	0.000234282	0.00602299
138.9906005859375	-1776.0821533203125	1.56967854	67.48592377	1.38952148	0.22566856999999996	-0.011554358899999999	0.0729028899	-0.063880756	0.009346238	-0.0105065443	0.0162587201	0.040229767	-0.0056263469	-0.023723457799999997	0.24977017280000002	-0.1767167281	-0.0050108695	-0.0540551187	-0.0399941391	0.09772311439999999	-0.0667058086	-0.0248897185	0.0	-0.0217426	0.00567068	0.352021	0.00242474	-0.000511025	0.00504739
-2826.4365234375	-1399.2076416015625	1.95607352	84.09838867	1.85053086	0.69597427	0.0477452251	0.0307819312	-0.1301131737	-0.0288773134	-0.0309847527	0.0251719146	-0.0360308825	0.1067008289	-0.19866453550000002	-0.039163835	-0.012036745	-0.1439556341	-0.0553262028	-0.037185813	0.0968826324	-0.0710838727	-0.0174439511	0.0	-0.0974416	0.0231402	0.311056	0.00786073	0.00222853	0.00198612
434.01153564453125	146.7605743408203	1.53591502	66.03431702	1.3955816	0.5111446	0.0629143873	0.0028375737	-0.045670235499999996	0.0158406543	-0.0353497666	-0.0581977921	0.047459370599999995	0.015397996	-0.07740489610000001	0.0944870685	0.020776960900000002	-0.1515851199	-0.056584166	-0.034342213999999996	0.0958353979	-0.0751922912	-0.0098948101	0.0	-0.0834274	0.0127568	0.266924	0.00104503	0.0014083800000000003	0.00320257
633.27197265625	985.6975708007812	1.27211094	54.69246292	1.21902263	0.28473494999999993	-0.010050409100000001	0.08538579449999999	-0.0161362379	-0.0105716897	0.011862901100000002	0.01141492	-0.0676599577	0.10800623029999999	-0.0219022721	0.025968780299999997	0.0660910476	0.011589946799999999	-0.0578287101	-0.0314660393	0.0945836458	-0.0790154797	-0.0022870321	0.0	-0.0380998	0.0059357	0.345396	0.0015974	0.000225265	0.00454937
-279.03009033203125	907.072021484375	1.04994369	45.14072037	0.91520995	0.30366315	0.0709262363	0.0358014365	-0.0192128126	0.0544549564	-0.062201262699999996	0.0391991794	0.0055791684999999995	0.0717368	-0.0046158548	-0.008846589200000001	0.1123518016	-0.0386478784	-0.059059539800000005	-0.028560017200000003	0.0931300475	-0.0825389354	0.005334299	0.0	-0.0293841	-0.0178512	0.2384	-0.000494039	0.000517057	0.00544943
-934.8321533203124	1013.477783203125	1.07449019	46.19606018	0.90778619	0.49750405	0.10284921710000001	-0.0030016214	0.0695808062	0.061500558	-0.15560363119999998	-0.01846323	0.0130283358	0.0708428436	0.0493372626	-0.0897085929	0.1519650522	-0.0388060293	-0.060276363300000003	-0.025626904199999998	0.0914777049	-0.0857492926	0.012924018899999999	0.0	-0.0615317	0.0130813	0.0579006	-0.00332132	-0.000233673	0.00394895
49.80328369140625	382.1647644042969	1.14958596	49.42469025	1.01616299	0.48753455	-0.1089309967	0.0278341725	0.169071125	0.0005059132	-0.10807716560000001	-0.0592851719	-0.023597680099999997	-0.004115045	0.0506751375	-0.0679191972	0.0371955787	-0.007778825	-0.061478892	-0.022669482400000003	0.08963014429999999	-0.0886343733	0.0204371504	0.0	-0.036974	-0.144371	0.16096	-0.0028857	0.00139855	0.00593041
-561.030029296875	-2413.523193359375	1.57694769	67.79845428	1.43880939	0.6808580999999999	0.0246350415	0.0340621637	-0.0049057358	-0.0229582427	-0.018603053	-0.0461386083	0.0732704359	0.1299643468	0.09020197349999999	-0.06503782429999999	-0.0140400292	0.0669570387	-0.0626668408	-0.0196905574	0.08759130849999999	-0.0911832336	0.0278291704	0.0	-0.0139169	-0.101717	0.380207	-0.00037242	-0.0009677	0.00289194
-1081.89453125	-185.21127319335938	1.52644253	65.62705994	1.42255867	0.4122562	0.12218561859999999	-0.0064516913	0.08534053800000001	0.0216751756	-0.1096866305	0.0892719303	-0.0407330175	0.0036376297999999997	-0.023235819700000004	-0.0081326051	0.21383856059999998	-0.08378749519999999	-0.0638399278	-0.0166929546	0.0853655484	-0.09338620460000001	0.0350562737	0.0	-0.0652558	-0.0987067	0.226179	-0.00396524	-0.0009677	0.00240718
930.9909057617188	820.8194580078125	1.23592043	53.13650894	1.10228646	0.3240082	-0.0102773152	0.050644845300000005	0.07544070530000001	0.0295136409	-0.022653138599999997	-0.059747842	0.0237741473	0.029889076299999998	0.0637360671	-0.020035026799999998	0.0308348433	-0.012642411499999999	-0.064997875	-0.0136795175	0.08295761389999999	-0.09523492970000001	0.04207563190000001	0.0	-0.0469398	-0.0535345	0.273856	-0.00231182	-0.00081058	0.0048535
1586.126220703125	70.69393920898438	1.36644506	58.74821472	1.18514156	0.5699749000000001	0.018609235	0.0795626957	0.036440172	-0.0207518272	-0.0315784071	0.0625381119	-0.0865398198	0.1064840458	0.0340850132	0.0284299986	0.020335161799999998	-0.0532804459	-0.06614040759999999	-0.0106531046	0.0803726437	-0.09672239619999999	0.048845648	0.0	-0.105543	-0.0560222	0.323965	0.00381874	0.00212807	0.00474721
-493.55072021484375	473.13092041015625	1.20876944	51.9691925	1.05397034	0.4710620500000001	0.0406409556	0.053045872599999995	0.0711816549	-0.0291293613	-0.0511648253	-0.001324321	0.0064965347	0.035962687400000005	0.0682566537	-0.059810658200000005	0.0701931669	-0.0959707418	-0.0672672547	-0.0076165866	0.0776161543	-0.09784296140000001	0.0553262028	0.0	-0.0868977	0.0576185	0.263827	0.000606629	0.00301555	0.00622038
950.459716796875	-229.0258331298828	0.94911093	40.80557251	0.8319329	0.4814623499999999	0.0528831267	0.028258388500000002	0.10037169619999999	-0.021674013199999998	0.022516146400000003	0.0148524398	0.0125767499	-5.5515e-06	0.08198667	-0.0372256324	0.0744043022	-0.0412628822	-0.06837814910000001	-0.0045728438	0.074694028	-0.09859237480000001	0.061478892	0.0	-0.0528758	-0.08027	0.36044	-0.00183254	0.00210312	0.00712756
246.50140380859372	379.8798828125	0.91697967	39.42413712	0.83433652	0.24982660000000004	-0.05170685	0.0420011176	0.1529376693	-0.0412711134	0.0448401254	-0.0117762604	-0.0223867154	0.0174209154	0.0538606879	-0.0587096146	0.041715887	-0.0458090519	-0.0694728274	-0.0015247633999999999	0.0716125009	-0.09896779359999999	0.0672672547	0.0	-0.0627094	-0.136695	0.407575	-0.00371565	0.00204874	0.00633639
-1581.5819091796875	-1275.15185546875	1.10457718	47.48960495	0.99419039	0.31013745	0.0979660735	-0.0287455752	0.0476980991	-0.0246975233	0.0023591119	0.0601873102	0.0235905192	-0.0200811253	0.0646926298	-0.15977161310000002	0.1391609961	0.0434400365	-0.0705510299	0.0015247633999999999	0.06837814910000001	-0.09896779359999999	0.0726569887	0.0	-0.0299513	-0.120771	0.446416	-0.00508175	-0.000229077	0.00714476
1109.022216796875	1465.59765625	1.21234167	52.12277222	1.07162225	0.4572105	0.0529231747	-0.0407963065	0.1654130526	0.0030101884	0.048252985199999994	0.06538213080000001	0.0567080279	-0.030483803599999998	0.0700209779	-0.0142562427	0.0806795538	-0.0379616308	-0.0716125009	0.0045728438	0.064997875	-0.09859237480000001	0.0776161543	0.0	-0.0841987	-0.14158	0.328537	-0.00780943	0.0007358049999999999	0.00555182
-989.24853515625	-422.3716430664063	1.13031387	48.59611511	0.97845334	0.66373215	0.0652229938	-0.0393212831	0.1427791965	-0.0247358052	0.0442046827	0.0087893361	0.020572308799999998	-0.0691676492	0.045471562800000004	-0.0992552627	0.11508848099999999	-0.0005671958	-0.0726569887	0.0076165866	0.061478892	-0.09784296140000001	0.08211536309999999	0.0	-0.0644203	-0.408784	0.434456	-0.00976058	0.00329831	0.00645478
738.230712890625	632.9090576171875	1.28268468	55.14706421	1.15215635	0.6265280999999999	-0.0225419998	0.001721361	0.1504215892	-0.0363880432	0.0266489393	-0.05902773769999999	0.0566940268	-0.050931925700000005	0.0755556006	-0.0508331807	-0.0177635818	-0.037398245	-0.07368424559999999	0.0106531046	0.0578287101	-0.09672239619999999	0.0861279527	0.0	-0.0831934	-0.325943	0.646411	-0.0134927	0.00538738	0.00601679
787.1161499023438	-2785.747802734375	1.64240277	70.6125946	1.51666117	0.6650658000000002	-0.0554946766	-0.0158878217	0.0171172795	-0.0942598402	0.08567058890000001	-0.25634947	0.1408000215	0.0164021674	-0.0209502085	0.1215654304	-0.20117452449999998	0.0178067219	-0.074694028	0.0136795175	0.0540551187	-0.09523492970000001	0.08963014429999999	0.0	-0.0754286	-0.342123	0.880383	-0.00660968	0.00513539	0.00500882
-1538.4671630859375	-6149.341796875	2.29389334	98.62243652	2.15923405	1.7485422	-0.11653413720000001	-0.1316802939	-0.1617778076	-0.12112643210000001	-0.0027280651	-0.026494945099999997	-0.0149284898	-0.032722769900000004	-0.3077962843	0.3148672308	-0.16799094690000002	0.0048788743	-0.0756860964	0.0166929546	0.050166170999999996	-0.09338620460000001	0.09260118380000001	0.0	0.0675344	-0.523006	1.44565	-0.000474514	-0.00121652	0.000307312
1153.699462890625	325.28253173828125	2.27117753	97.64579773	2.15129828	0.54950025	-0.1226408477	-0.1425987423	-0.1599239361	-0.1340133222	-0.0766110437	0.0713296255	-0.0658677094	0.0166228894	-0.15756528279999998	0.084706266	0.028405414599999998	-0.0616880859	-0.0766602155	0.0196905574	0.0461701662	-0.0911832336	0.0950234647	0.0	0.0214547	-0.429815	1.34633	-0.0029424	0.000194087	0.00264701
-147.7900390625	-2264.436767578125	1.67559326	72.03956604	1.63812101	0.9383054500000002	-0.0660973701	-0.1393655717	-0.1753781892	-0.0913914448	-0.022802086800000003	-0.0502664713	-0.0667419446	-0.053616120499999996	-0.1393155199	0.0539798187	-0.0528494693	0.0637706566	-0.0776161543	0.022669482400000003	0.04207563190000001	-0.0886343733	0.0968826324	0.0	0.0534864	-0.585409	1.34107	-0.0149136	-0.000260168	0.00512995
75.03289794921875	-1271.343505859375	1.41319549	60.7581749	1.28691566	0.25655780000000006	-0.1238243443	-0.0732536621	-0.13833154150000002	-0.0665013833	-0.047103989400000004	0.0171406186	-0.0345125454	-0.019661751	-0.0110681923	-0.0440064924	-0.1460648919	0.0730387367	-0.0785536861	0.025626904199999998	0.037891306	-0.0857492926	0.0981676693	0.0	0.020517	-0.576493	1.35067	-0.013149	0.00172342	0.00548321
323.35589599609375	-2076.500244140625	1.33844543	57.54441452	1.19407678	1.2047426999999997	6.5611e-06	-0.0314354001	-0.128813141	-0.052098020099999996	-0.0281192068	0.0443230175	-0.0434523283	0.0066292373	-0.029015762799999997	0.038794039	-0.1227840509	0.023683586	-0.0794725885	0.028560017200000003	0.0336261182	-0.0825389354	0.09887096050000001	0.0	-0.0647697	-0.195704	1.01747	-0.00786728	0.00253741	0.00346958
-714.9774169921875	-2629.719482421875	1.46303701	62.90103531	1.31889462	0.4718977	0.0562566225	0.0172416728	-0.00035070580000000004	-0.0880983167	-0.059212399299999996	0.0731058546	0.0047332990999999994	-0.047365795700000005	-0.0363994321	0.1086711402	0.012931463999999998	-0.0782420612	-0.0803726437	0.0314660393	0.0292891706	-0.0790154797	0.09898833800000001	0.0	-0.0877469	-0.142182	0.706268	-0.008812439999999998	0.00324284	0.00343624
867.470458984375	-256.68881225585943	1.22868395	52.82538605	1.11122692	0.4663196	0.08552730800000001	0.0255757312	0.0570498354	-0.0545526975	-0.026464337799999998	0.0810611733	-0.0409263785	-0.023679459500000003	-0.0116748035	0.0687140956	0.1129432551	-0.0823837913	-0.0812536382	0.034342213999999996	0.0248897185	-0.0751922912	0.0985191063	0.0	-0.155481	-0.206769	0.568032	-0.00694364	0.00507912	0.00322607
-770.3316040039062	-795.6893310546875	1.0881995	46.78546906	0.99618804	0.3608045	0.0099477655	0.0537136074	0.173999475	-0.0462220792	-0.0414187292	-0.0088954116	-0.0030680581	-0.054781126299999996	-0.0014579028	-0.1205815599	0.0695539367	-0.0491380009	-0.08211536309999999	0.037185813	0.0204371504	-0.0710838727	0.0974660461	0.0	-0.137022	-0.137685	0.536123	-0.010485	0.00527277	0.00431811
-2387.914794921875	-3017.31494140625	1.49403942	64.23394012	1.36505544	0.4763690000000001	0.19015685570000002	-0.049690066399999996	0.09550188130000001	0.0078200432	-0.0792367609	0.0655003589	-0.0058077626	-0.1169151119	-0.0579169221	-0.0972469161	0.2087805643	0.009293209	-0.08295761389999999	0.0399941391	0.0159409684	-0.0667058086	0.0958353979	0.0	-0.172691	-0.243067	0.411987	-0.0123846	0.00511053	0.00215631
698.8455810546875	-159.15911865234375	1.70318246	73.22572327	1.55909359	0.37517950000000005	-0.0734913583	0.0813442365	0.2055299725	-0.0140195341	0.0304016483	-0.054551836299999996	-0.0238455383	-0.0042967809	0.0848768452	-0.1035434759	0.009464835500000001	0.0890806176	-0.08378019099999999	0.042764528200000006	0.0114107675	-0.0620747066	0.0936368249	0.0	-0.136827	-0.351319	0.564471	-0.012334	0.0054619	0.00332593
2564.54345703125	855.27783203125	1.41423345	60.80280304	1.24992716	0.6832555000000001	-0.0715343771	0.0557118126	0.022892371	-0.0255460233	0.042157052300000004	-0.1013268126	0.017739716399999998	-0.0182469078	0.1030278706	0.0427357517	-0.0949885935	0.0532612598	-0.0845828993	0.045494352599999996	0.006856215600000001	-0.057208134	0.09088335609999999	0.0	-0.106501	-0.334634	0.958547	-0.00927761	0.00604175	0.00453306
-356.00848388671875	508.6211242675781	1.04299998	44.84218597	0.94922853	0.42269680000000004	0.020576818400000002	-0.0024131596	-0.12388815550000001	-0.006504736600000001	-0.0188340087	-0.0216251252	-0.029209367400000002	-0.0411326245	-0.020793680800000002	-0.0157327572	0.01394424	0.0286639177	-0.0853655484	0.0481810229	0.0022870321	-0.0521245513	0.08759130849999999	0.0	-0.0627887	-0.385616	1.00438	-0.0131967	0.00537824	0.00559385
2333.033203125	1045.90185546875	0.84754866	36.4390564	0.82019591	0.23976449999999985	-0.0438963984	0.0331827348	-0.0496960609	0.024013012400000002	-0.0172376901	-0.10434507609999999	0.018094936699999998	-0.0308028324	0.013723530900000001	0.031235627599999996	-0.0666249481	0.054938786600000004	-0.0861279527	0.0508219905	-0.0022870321	-0.046843242300000004	0.08378019099999999	0.0	-0.0443697	-0.463039	1.02076	-0.0142717	0.00411005	0.00580151
439.3560791015625	-747.6924438476562	1.04581547	44.96323395	0.9419862	0.9434848000000002	-0.0351745651	-0.0027541559	-0.0349021808	-0.056767935199999994	0.0133102587	-0.1336457564	0.0526269611	-0.1036928426	-0.014765414	0.009933144599999999	-0.0619399655	0.1158863087	-0.0868699314	0.0534147504	-0.006856215600000001	-0.0413842409	0.0794725885	0.0	0.034011	-0.61931	1.17869	-0.0208373	0.000911538	0.00454756
-948.4459838867188	-2180.34912109375	1.27412021	54.77885056	1.14142418	0.6873079	-0.059085164100000004	-0.08351629769999999	-0.1104509311	-0.0034175791999999997	-0.0078346332	-0.0079196114	-0.0130527924	-0.07482871990000001	-0.0536014233	-0.0774601068	-0.0220731831	0.1729621821	-0.08759130849999999	0.0559568432	-0.0114107675	-0.0357682548	0.074694028	0.0	-0.06645180000000002	-0.645324	1.33903	-0.0187022	0.00587317	0.00546065
-970.7792358398438	-3144.568359375	1.39330113	59.90284729	1.30930448	0.32064889999999985	-0.0861541285	-0.0257555526	-0.0623876721	0.024412249700000003	0.0995574219	0.043690975599999994	-0.0792936593	-0.1074265594	-0.002766218	-0.1225644188	-0.2047824641	-0.0365496791	-0.08829191300000001	0.0584458575	-0.0159409684	-0.0300165875	0.0694728274	0.0	-0.0446864	-0.570205	1.28904	-0.0175668	0.00355469	0.00543904
599.731201171875	-567.4439697265625	0.92621815	39.82133102	0.8667137	0.3968056	-0.0973841597	-0.0674782322	-0.0663311029	0.009699313499999999	0.0759515624	0.047162666299999996	-0.0683802133	-0.10257211640000001	0.012079919299999999	-0.0536026132	-0.10792180859999999	0.0649894047	-0.08897157859999999	0.0608794324	-0.0204371504	-0.024151057099999998	0.0638399278	0.0	-0.07925849999999998	-0.481857	1.29625	-0.0136289	0.00463381	0.00512255
1644.0853271484375	747.2117309570312	1.08475554	46.6374054	0.97219706	0.6654540000000001	0.0248147302	-0.09249189099999999	-0.0665491519	0.027356426	0.0500990702	0.0553936295	0.0309455112	-0.07352545469999999	0.027740209100000003	0.0043553018	-0.0739197175	0.0777006601	-0.08963014429999999	0.06325525950000001	-0.0248897185	-0.0181939134	0.0578287101	0.0	-0.0594195	-0.644003	1.15559	-0.0185493	0.00360689	0.00603141
1475.8145751953125	241.89871215820312	1.00650215	43.2730217	0.91465783	0.23892610000000006	0.0093000101	-0.0509378096	-0.0037218652	0.024550461699999998	0.0813201903	-0.0510429808	0.0720609561	-0.042301391699999996	-0.0329200603	0.0235366565	-0.07214491070000001	0.045466535700000005	-0.0902674539	0.0655710851	-0.0292891706	-0.0121677539	0.0514747969	0.0	-0.0486389	-0.616736	1.04412	-0.0181708	0.00364035	0.00740762
-340.143798828125	-942.664306640625	1.31160462	56.39043427	1.14499867	0.8274275999999999	-0.0978032525	-0.0643140182	-0.155498619	0.044906798899999996	0.0476890771	-0.1041164534	0.0088700715	0.07226796349999999	-0.1401776002	-0.0455534663	-0.0653626455	0.133862714	-0.09088335609999999	0.0678247126	-0.0336261182	-0.006095438000000001	0.0448158418	0.0	-0.056202	-0.60367	1.3461900000000002	-0.0103992	0.00497906	0.00642336
-673.50830078125	-2280.883544921875	1.22995317	52.87995148	1.20988572	0.7323745000000002	-0.09913334039999999	-0.1018416694	-0.1622532717	0.11681728849999999	-0.0628196687	0.025163932400000002	-0.052964595499999996	-0.033858922	0.0078298507	-0.17775202510000002	-0.076487191	0.16911372660000001	-0.0914777049	0.0700140042	-0.037891306	-0.0	0.037891306	0.0	-0.0472185	-0.425594	1.41236	-0.00352197	0.00272282	0.00597393
1623.658447265625	-304.6965637207031	1.28312969	55.16619873	1.1862098	0.9169125	-0.0797332248	-0.0465327857	-0.1266214064	0.1189927567	-0.028478944500000002	-0.044588085300000004	-0.0005659658	0.023527830299999997	0.0434269045	0.0148089256	-0.100230505	0.1916780504	-0.09205035939999999	0.0721368833	-0.04207563190000001	0.006095438000000001	0.0307422248	0.0	-0.016138	-0.290412	1.22811	-0.0056441	-0.00350089	0.00299177
534.8250732421875	17.709136962890625	1.12660241	48.43654633	1.02829731	0.64974004	-0.11360589189999999	-0.0585783303	-0.09900154679999999	0.11256645039999999	-0.0946817924	-0.0502383721	-0.0230568426	-0.0192438825	0.0404789272	0.028929528	-0.1180312164	0.1400630234	-0.09260118380000001	0.0741913362	-0.0461701662	0.0121677539	0.0234109638	0.0	0.00352704	-0.412529	1.49661	-0.00309588	-0.00175902	0.00349084
717.7105712890625	2122.927490234375	1.49717081	64.36856842	1.26955914	1.40530648	0.0661186605	0.0222361919	-0.1103663381	0.1522771	-0.054321696100000004	0.15642059490000002	-0.0334442798	0.0729448103	0.0346584398	0.0266679882	0.0751709547	-0.0395395875	-0.0931300475	0.0761754141	-0.050166170999999996	0.0181939134	0.0159409684	0.0	-0.0963554	-0.18396	0.757383	-0.000394327	-4.75722e-05	0.00115128
1353.002197265625	2537.5205078125	0.85282445	36.66588211	0.75920659	0.43764606000000006	0.0679105613	0.05550622559999999	-0.0067637837	0.13126814550000002	0.0172397357	0.06975780549999999	0.0091875177	0.0736640187	0.0659600268	0.0177207475	0.0678372899	-0.0608677269	-0.0936368249	0.078087235	-0.0540551187	0.024151057099999998	0.0083765061	0.0	-0.162565	-0.0351466	0.655307	-0.00152603	0.000626875	0.000546489
1103.4501953125	2785.73876953125	0.65078908	27.97968102	0.59194529	0.110154	0.0407023059	0.044570063	0.0574059644	0.0959618369	0.060463016200000004	0.0863922211	-0.013148633799999998	0.085383948	0.041971973200000005	0.0210896021	0.0537231017	-0.0941034409	-0.094121396	0.0799249855	-0.0578287101	0.0300165875	0.0007624042999999999	0.0	-0.17465	-0.0436373	0.660048	-0.0020632	0.00142186	0.00091108
1364.304443359375	2584.36328125	0.70067704	30.12453651	0.61298364	0.28179495000000004	0.0444456196	0.0221801377	0.051721706500000006	0.002814825	-0.0013122048	0.0234074684	0.009781441	0.0575967374	0.062272718899999996	0.0435990194	0.0421429764	-0.0693354487	-0.0945836458	0.0816869222	-0.061478892	0.0357682548	-0.006856215600000001	0.0	-0.179678	-0.154572	0.718694	-0.00138488	0.00281345	0.000984895
1968.9398193359373	2904.86279296875	0.76915056	33.06845093	0.68170929	0.5332581	0.0285011261	0.045584424500000005	0.10277276099999999	-0.063063471	-0.0171159629	-0.0084905213	-0.0015030226000000001	0.044960009800000006	0.059353146600000004	0.0321104324	0.0653281504	-0.08409379730000001	-0.0950234647	0.083371374	-0.064997875	0.0413842409	-0.0144342052	0.0	-0.2025	-0.191188	0.784041	-0.00647524	0.00562093	0.000713273
912.2001953125	1171.9560546875	0.58905154	25.32536888	0.54831415	0.19980135	0.01931816	0.0396159788	0.0956630098	-0.056978798399999996	0.0356644797	-0.0260699831	0.0073164998	0.0584935702	0.022933677799999996	0.0035565395000000002	0.0440903056	-0.0659583987	-0.0954407484	0.08497674300000001	-0.06837814910000001	0.046843242300000004	-0.0219266571	0.0	-0.20594	-0.207613	0.858294	-0.00616475	0.00695277	0.00118461
-143.664306640625	614.67431640625	0.53980267	23.20799065	0.50392133	0.2562380000000001	0.0441843751	-0.0105803923	0.0427931728	-0.0233334748	0.0540349977	0.0518235792	-0.0049880668	0.041738930699999996	0.015410715	-0.024427474100000002	0.0504687542	-0.054353732599999996	-0.0958353979	0.08650150640000001	-0.0716125009	0.0521245513	-0.0292891706	0.0	-0.191745	-0.237021	0.935386	-0.00760957	0.00614923	0.00164711
-200.37255859375	926.7050170898438	0.45131269	19.4034977	0.44513983	0.12803249999999997	0.0182124472	-0.0223516951	0.0406778575	-0.017996691699999998	0.057721010700000006	0.0070980102	0.0069751305	0.0046144259	0.0123670878	-0.0218735254	0.036290640299999996	-0.0448484129	-0.09620731960000001	0.08794421779999999	-0.074694028	0.057208134	-0.036478115299999996	0.0	-0.180857	-0.227663	0.975468	-0.00857195	0.00612069	0.00201028
997.4503173828124	2201.57958984375	0.46182391	19.85541153	0.44813627	0.13717450000000006	0.0173975227	-0.014568298700000001	0.0333631426	-0.009427740799999999	0.0729610448	0.0581559214	0.0007689948	0.0294898129	0.0005051086	0.0103781713	0.040767061	-0.0431661075	-0.09655642539999999	0.08930350890000001	-0.0776161543	0.0620747066	-0.0434508891	0.0	-0.176062	-0.300063	0.978341	-0.0092273	0.00660747	0.00201028
465.4608154296875	1865.4852294921875	0.57015413	24.51290512	0.51012594	0.3278155	0.004395462199999999	-0.0092541267	-0.0051850525	0.0349293081	0.045867167199999996	0.0157217829	-0.0063303963	0.0479155227	-0.0084403921	-0.0252711529	0.0026999699	-0.0402895882	-0.0968826324	0.0905780901	-0.0803726437	0.0667058086	-0.050166170999999996	0.0	-0.172249	-0.232018	1.00118	-0.00626333	0.00757809	0.00273806
1545.37744140625	1839.5472412109373	0.54392242	23.38511276	0.51007491	0.16765799999999997	-0.0051116522	0.0451094558	-0.0438562236	0.1054933739	-0.0003713275	0.0638956245	-0.0037917136999999997	0.0366410905	0.0128462886	0.030171423500000003	0.008729765300000001	-0.0005245373	-0.0971858632	0.0917667526	-0.08295761389999999	0.0710838727	-0.056584166	0.0	-0.16203	-0.181737	1.02215	-0.00730841	0.00705355	0.0028922
609.575439453125	1332.734130859375	0.69061422	29.69190025	0.61848086	0.4845126999999999	0.046123623200000005	0.0738927748	-0.026674831800000003	0.0928844635	-0.0646705458	0.0308316966	0.0059298229	0.015041544799999999	0.014889523799999999	0.0500984711	0.0418973805	-0.0341474382	-0.0974660461	0.0928683687	-0.0853655484	0.0751922912	-0.0626668408	0.0	-0.19735	-0.0904393	0.8148309999999999	-0.00596246	0.008581689999999998	0.00275477
1265.0233154296875	1679.921142578125	0.65738255	28.26315689	0.5998683	0.3782312	0.015218989799999999	0.06651388230000001	0.039512893	-0.0095530219	-0.060779827300000006	-0.0695076031	0.012419224599999999	0.0096925294	0.027490900899999997	0.041981978600000004	0.0063513428000000005	-0.0278613988	-0.09772311439999999	0.09388189359999999	-0.08759130849999999	0.0790154797	-0.06837814910000001	0.0	-0.178354	-0.24278	0.884623	-0.00741657	0.00793865	0.00210987
1012.5963134765624	1773.889404296875	0.59967953	25.78230286	0.57116318	0.28387	0.0156583971	0.06376292530000001	0.0411416104	-0.0615273876	-0.0545606237	-0.0796041407	0.0031319697	0.0172884113	0.0076709506	0.0208445653	0.024383225	-0.033344561200000004	-0.0979570074	0.0948063657	-0.08963014429999999	0.0825389354	-0.07368424559999999	0.0	-0.152355	-0.321441	0.92469	-0.00801748	0.00641807	0.00277124
-128.5806884765625	1524.138916015625	0.63150781	27.15071297	0.58157766	0.2704359999999999	0.0403313675	0.0082574554	0.0368229523	-0.0762644594	-0.0667984623	-0.0493321452	0.009940360300000001	0.0165151448	-0.0390616972	-0.0052391911	0.022376622000000002	-0.0418313416	-0.0981676693	0.0956409084	-0.0914777049	0.0857492926	-0.0785536861	0.0	-0.127716	-0.355256	0.968366	-0.0105866	0.00569358	0.00269873
542.6796875	1652.919677734375	0.5580653	23.99316216	0.5233714	0.3078445	-0.0027082102	0.0103016758	0.0506674613	-0.07320613150000001	-0.016790909099999998	-0.0240229925	0.0156416073	-0.00342002	-0.011939790700000001	-0.0044613013	0.0066560138	-0.024238000699999998	-0.09835505050000001	0.0963847298	-0.0931300475	0.0886343733	-0.08295761389999999	0.0	-0.133651	-0.358679	1.07703	-0.0130601	0.00526893	0.00180043
1228.5650634765625	1672.700439453125	0.46176484	19.85287285	0.45028451	0.14006650000000007	0.0069831749	-0.0175326365	0.0283242579	-0.0450655543	0.0495735412	0.023227811299999998	0.0100146057	-0.0092300571	-0.0104151304	0.0128688869	0.0004110162	-0.018761806699999998	-0.0985191063	0.0970371244	-0.0945836458	0.0911832336	-0.0868699314	0.0	-0.149985	-0.373029	1.11209	-0.0139496	0.00576501	0.00169956
124.6380615234375	926.6998291015624	0.47736692	20.52366066	0.44759139	0.21762949999999992	0.0080850501	-0.024540506899999998	0.027223244100000002	-0.0441629112	0.0648190717	0.025349373999999997	0.016017836299999998	-0.0054538788	-0.0161935891	-0.0068865220999999996	0.0045026599	-0.0142660856	-0.09865979789999998	0.09759747349999999	-0.0958353979	0.09338620460000001	-0.0902674539	0.0	-0.163651	-0.332957	1.09119	-0.0122341	0.00676679	0.00155701
340.9923095703125	191.5118408203125	0.48900411	21.023983	0.46377626	0.1677384999999998	-0.0170021233	0.0100654913	-0.0176791948	0.0297731152	0.0199009521	-0.0058208642	0.0119587299	-0.013422854199999999	-0.0242021173	-0.0005683666	-0.0084573928	0.0157128965	-0.09877709189999999	0.09806524550000001	-0.0968826324	0.09523492970000001	-0.0931300475	0.0	-0.165887	-0.337105	1.14051	-0.0136628	0.00749118	0.00164461
368.7528076171875	58.29257202148438	0.52693272	22.65466499	0.45305073	0.17403899999999975	-0.015247793899999999	0.0319092533	0.0072872182999999995	0.0182057722	-0.019376685600000002	-0.0119841081	0.0035145513	-0.0159827152	-0.0209626711	0.0087069339	0.0045097712	0.0106555606	-0.09887096050000001	0.0984399966	-0.09772311439999999	0.09672239619999999	-0.0954407484	0.0	-0.185719	-0.307374	1.11861	-0.0131405	0.008894529999999998	0.00177048
255.82568359375	362.4483337402344	0.48533222	20.86611557	0.44289452	0.17072449999999975	0.0022884218	0.023446560800000002	0.00037293410000000004	-0.042128094299999995	-0.0684969133	-0.049332023600000004	0.0042622096000000005	-0.0215885358	-0.0185676756	0.0033843014000000003	-0.0027577872	-0.0087269054	-0.0989413814	0.09872137140000001	-0.09835505050000001	0.09784296140000001	-0.0971858632	0.0	-0.177517	-0.359593	1.12692	-0.0140264	0.0078548	0.00165624
705.4610595703125	910.51025390625	0.4598943	19.7724514	0.43632132	0.13866049999999985	0.0122905697	0.0065316109	0.0330502737	-0.0623705226	-0.0200420396	-0.016573680900000002	0.014318256100000001	-0.0147487601	-0.033361191899999997	0.0090240215	0.014427863400000001	-0.0221523553	-0.09898833800000001	0.0989091031	-0.09877709189999999	0.09859237480000001	-0.09835505050000001	0.0	-0.163625	-0.352228	1.08589	-0.0130936	0.008117839999999998	0.00198787
431.6903076171875	1210.322265625	0.46549246	20.01313591	0.44103533	0.2092984999999999	0.0407788255	-0.0104473524	0.0284728981	-0.041478745299999994	0.0267639113	0.0355049157	0.0097949701	-0.0127171985	-0.021949878199999998	0.0078258141	0.016242178	-0.0219192339	-0.099011819	0.09900301339999999	-0.09898833800000001	0.09896779359999999	-0.0989413814	0.0	-0.15931999999999996	-0.309211	1.02506	-0.012186	0.00769304	0.0026784
