WhiteMatter	GlobalSignal	stdDVARS	non-stdDVARS	vx-wisestdDVARS	FramewiseDisplacement	tCompCor00	tCompCor01	tCompCor02	tCompCor03	tCompCor04	tCompCor05	aCompCor00	aCompCor01	aCompCor02	aCompCor03	aCompCor04	aCompCor05	Cosine00	Cosine01	Cosine02	Cosine03	NonSteadyStateOutlier00	X	Y	Z	RotX	RotY	RotZ
5308.56640625	7701.60400390625	n/a	n/a	n/a	n/a	0.0	0.0	0.0	0.0	0.0	0.0	0.0	0.0	0.0	0.0	0.0	0.0	0.0	0.0	0.0	0.0	1.0	0.0	0.0	0.0	0.0	-0.0	0.0
820.2533569335938	1037.334716796875	2.44927955	34.74263763	1.68855166	0.18260192	-0.09086045949999999	-0.0387143349	-0.0318576852	-0.025113882999999997	0.0363780033	-0.0293295314	-0.0990768603	0.057690080199999993	0.0128726698	-0.1035213783	0.1900381361	-0.1337844745	0.1002478183	0.1002384491	0.10022283439999999	0.1002009753	0.0	0.0314867	0.00945892	0.0304904	-0.000347437	-0.000956788	0.000919093
1162.9404296875	-1336.0596923828125	2.11258125	29.96662712	1.25117397	0.12346461999999997	0.0594006763	-0.0783231297	0.0587577567	-0.0267009149	0.0556783417	0.1247736668	-0.0015958035	0.153070818	-0.0889646399	-0.0100995226	0.3038058671	-0.1438820305	0.10022283439999999	0.10013852919999999	0.0999980731	0.0998015448	0.0	0.0423234	-0.0196035	0.0530091	0.000341467	-0.000589353	0.00108369
-848.5598754882812	-3061.516357421875	2.09360981	29.69752121	1.31994998	0.09718105	0.0022014969	0.0778921945	0.1300311485	-0.09177117119999999	0.0830758303	0.0736907856	-0.021635686499999997	-0.0270968573	-0.0987560863	0.0837675772	0.12612378429999999	-0.1010290058	0.10017287289999999	0.09993878910000001	0.0995490545	0.0990042761	0.0	0.0371181	-0.0196845	0.0360176	-0.000616831	-0.00112912	0.00108369
-1408.497802734375	-1109.53564453125	1.83689165	26.05601501	1.57888675	0.18298845	0.000592429	-0.0749194897	0.0174451433	0.058871329699999995	-0.0757989595	-0.048512013300000004	-0.0114842433	0.044915361900000006	0.024323739599999998	0.1676644827	-0.054081615300000004	0.2362008752	0.1000979463	0.0996394278	0.0988767856	0.0978123473	0.0	0.0371218	-0.0450447	-0.005115	-0.0025455	-0.00153029	0.00108369
-61.498046875	1796.570068359375	1.90080392	26.96260071	1.50893092	0.19216586	0.061390880700000004	0.0652610098	-0.1134785904	0.1126759563	-0.09026806949999999	-0.037863166499999996	0.0901477953	-0.0540870736	0.08501882710000001	-0.005032497	-0.0605116382	0.1712374693	0.0999980731	0.0992407438	0.09798277400000001	0.0962305098	0.0	0.0572527	0.00329846	-0.0721623	-0.00170242	-0.00162153	0.00128226
905.6265869140624	2133.86328125	1.47983634	20.99124146	1.15885794	0.07962245999999999	-0.0686549798	0.0685949099	-0.11547563150000001	-0.0365423018	-0.0093027472	0.0628121296	-0.0352022137	-0.1091697329	0.0967253888	-0.1340168697	-0.0618916114	0.0689580226	0.0998732783	0.0987431344	0.0968690246	0.0942650692	0.0	0.0568478	-0.025395	-0.0391337	-0.00167456	-0.00174501	0.00108369
344.001220703125	655.5316162109375	1.56492031	22.19814491	1.10130119	0.047974700000000016	-0.0967848874	-0.0671288851	-0.0598259555	0.069436028	0.028751576400000003	0.0106571269	-0.08922864230000001	0.0473649688	0.0502690067	-0.0793404809	0.014454161	0.047853997300000006	0.09972359300000001	0.0981470957	0.09553803529999999	0.09192386050000001	0.0	0.0647429	-0.0206253	-0.0317193	-0.00160469	-0.00223305	0.00108369
1.2508544921875	192.8248291015625	1.46218896	20.74091721	1.03863001	0.06125959999999998	0.0313159929	-0.0849168243	-0.064770704	-0.0584457355	0.0439116936	0.0224339959	0.0150108352	0.09161561439999999	0.034011345899999997	-0.0887980483	-0.0807453278	-0.015735148600000002	0.0995490545	0.0974532219	0.0939927908	0.08921621619999999	0.0	0.0647623	-0.0168139	-0.0163781	-0.000857628	-0.00213836	0.00108369
-279.2494506835937	-1428.3194580078125	1.4715836	20.87417793	1.00529969	0.025138690400000014	0.076919452	0.0666175715	-0.0135313909	0.1011069028	0.0077819262	-0.04737888480000001	0.0928033774	-0.0423080133	-0.0719704141	0.0074381644999999995	0.028521616200000002	0.1082384224	0.0993497063	0.09666220460000001	0.0922367566	0.08615293	0.0	0.0647565	8.21904e-05	-0.0163622	-0.000989676	-0.00210599	0.00108369
309.43768310546875	-218.9637451171875	1.48751724	21.10019493	0.9885186	0.04121223439999998	-0.0541899118	0.08980349369999999	-0.025081310899999997	-0.0779488992	-0.0174843585	0.0099055889	-0.0360859693	-0.0568390229	-0.0095981657	-0.0033699310999999997	0.048327002300000005	0.0317059331	0.09912559800000001	0.0957748323	0.09027387070000001	0.0827462129	0.0	0.0647428	-0.0135173	-0.000810856	-0.00106089	-0.00193625	0.00108369
-444.9376220703125	1554.26708984375	1.46667373	20.804533	1.01954782	0.046414044000000015	-0.0746819134	-0.07843740190000001	-0.08396260720000001	0.033768336499999996	-0.059552256	-0.0226406739	-0.08419684179999999	0.029484004900000003	0.0814223613	-0.0021410901	-0.09583769199999999	0.08910176560000001	0.0988767856	0.09479198949999999	0.0881085353	0.0790096451	0.0	0.0647372	-0.0194001	-0.0162596	-0.0007923319999999998	-0.00170327	0.00108369
-656.5630493164062	1391.560302734375	1.45347369	20.6172924	0.99784482	0.059144240000000015	0.0457388887	-0.0694471886	-0.0727645478	0.046776401399999994	0.0341147136	-0.0277819641	0.0441481471	0.0681249453	0.0319682953	-0.0076982082	-0.0021439615	0.1189248374	0.098603331	0.09371465609999999	0.08574560619999999	0.0749581217	0.0	0.0647398	0.00731124	-0.0219295	-0.00127705	-0.00175376	0.00108369
942.8115844726562	583.291015625	1.4947226	21.20240211	1.09189057	0.07726088	0.08621931470000001	0.07618289339999999	-0.030383685299999998	0.0677736756	0.033344976400000004	-0.0783303586	0.0833875727	-0.0165063985	-0.0323335186	-0.0317009389	0.08540953970000001	0.0182191525	0.09830530230000001	0.0925439058	0.0831903826	0.0706077933	0.0	0.0559646	-0.00708744	-0.0168545	-0.000756512	-0.00188091	0.000751138
817.311279296875	368.521728515625	2.18833828	31.04122925	1.68381846	0.44666848	-0.0305428922	0.1162458509	0.0249566345	-0.2003918584	-0.0759346724	-0.0576854908	-0.0042920709	-0.1065628352	-0.0232810967	-0.0669103065	-0.11101551720000001	-0.1363641427	0.09798277400000001	0.0912809058	0.0804485949	0.0659760014	0.0	-0.00999182	-0.049183	0.034891	-0.00287038	-0.00428802	-0.000465304
453.9359130859375	924.56494140625	2.18976736	31.06150055	1.64091766	0.38988687000000005	-0.051950424800000006	-0.0681364996	-0.024623113399999997	-0.0225683027	-0.1531995981	-0.06826569219999999	-0.057202440199999996	0.0162474974	0.028990419500000003	0.05293959769999999	0.0690454497	0.0661328291	0.0976358263	0.0899269149	0.077526392	0.0610812099	0.0	0.0467364	0.018604	0.018147	-0.00115245	-0.00215274	0.000654039
680.873046875	2107.2958984375	2.09167314	29.67004967	1.25473917	0.07792491999999998	0.08713059849999999	-0.0431245755	-0.09116351789999999	0.0344275797	0.0043665358	-0.040612647599999996	0.0735598081	0.07095082059999999	0.054105302800000005	-0.0381988537	0.0813126305	0.0231627166	0.0972645456	0.08848328300000001	0.0744303271	0.055942930700000004	0.0	0.038538	0.0136532	0.00167623	-0.00159922	-0.00230209	0.00028406
1727.2476806640625	2453.5888671875	1.91951203	27.22797203	1.25537312	0.04238290000000001	0.0694568128	0.1216592416	-0.0883252799	-0.029219848700000002	-0.0343171673	0.0139775526	0.1030645095	-0.0837709076	0.07327966150000001	-0.1394114514	0.0633298259	-0.1333839638	0.0968690246	0.086951449	0.0711673436	0.050581646699999996	0.0	0.0432335	0.0208961	0.00392498	-0.00133207	-0.00212775	0.000406485
118.43487548828124	371.0697021484375	1.61194539	22.8651886	1.18918002	0.06583318000000002	0.0088122822	0.10936206550000001	0.0231078468	-0.0257272861	0.0052501959999999995	-0.034570531099999996	0.025971908	-0.0913867667	-0.0321340071	-0.008842561	0.0785662602	-0.0074844744	0.09644936189999999	0.0853329399	0.067744759	0.0450187293	0.0	0.0449665	0.0119191	0.00733006	-0.0009697420000000002	-0.00170327	0.000654039
-282.25299072265625	-661.1370849609375	1.83546925	26.03583717	1.19230723	0.031873490000000004	-0.146092098	-0.0181299902	0.0979004867	-0.0816807746	0.3895896821	-0.0454573918	-0.1319572682	-0.0240472484	-0.016715691799999998	0.0099206944	0.0202317463	-0.1171761746	0.0960056619	0.08362936900000001	0.064170249	0.0392763541	0.0	0.0413516	0.0150319	0.0104241	-0.000685367	-0.00185993	0.000654039
-143.87835693359375	-250.46881103515625	1.61772192	22.94712639	1.14651656	0.04294565000000001	0.020286959	-0.1002706825	0.0410507787	-0.053679054000000004	-0.0673304181	0.0146716879	-0.0046534296	0.0923017478	-0.002829167	0.0168811767	-0.06442296730000001	-0.0036125095	0.09553803529999999	0.0818424346	0.060451829699999994	0.0333774118	0.0	0.0515959	0.0039844	0.008621	-0.000844137	-0.00170327	0.000572454
551.4962768554689	532.0744018554689	2.72205091	38.61185837	1.42022777	0.2133864	0.0652265434	0.0559056099	-0.0082213966	0.0815817732	-0.0590805883	-0.0101434423	0.08494134689999999	-0.0647832911	-0.0373995552	0.0210619232	0.07984938009999999	-0.013375618300000001	0.09504659859999999	0.0799739179	0.05659784019999999	0.027345417400000002	0.0	0.015259	0.0204136	0.0375985	-0.0011721600000000004	-0.00325631	-0.000179339
1341.4959716796875	1206.80517578125	2.41632199	34.27514267	1.33801055	0.18894539	-0.0796125738	0.079051225	-0.0377806731	-0.12022650689999999	0.1143047923	0.0464268886	-0.0573116279	-0.0891104142	0.040242157	-0.1035792023	0.018952628200000002	-0.1408841672	0.0945314743	0.07802568139999999	0.0526169234	0.021204416099999998	0.0	0.0398896	0.0460151	0.00694536	-0.000543844	-0.00211499	0.000212228
427.12060546875	83.160888671875	1.75457788	24.88840675	1.21058083	0.07342775000000001	-0.12474073699999999	-0.0481513601	0.0083000636	0.056353694800000007	0.0603620685	-0.0368430123	-0.1045827702	0.004361908	0.014828021499999998	-0.0480069971	-0.0059269693	-0.0012840211	0.0939927908	0.0759996673	0.048518007099999996	0.0149788877	0.0	0.0473449	0.0433331	-0.00905204	-0.0009126	-0.00186264	0.000536983
222.12030029296875	-618.3583374023438	1.84652221	26.19262314	1.21581054	0.06162955000000001	0.0486236098	-0.1291106416	0.037484399700000004	-0.0097971914	-0.1799105959	0.148978732	-0.0032351011	0.1319065641	-0.0262193366	0.0014393403	-0.029366153199999998	0.0059472723	0.0934306823	0.073897895	0.0443102836	0.0086936492	0.0	0.0373285	0.0144942	-0.00213389	-0.0008719039999999998	-0.00170327	0.000654039
-87.192626953125	-678.1276245117188	1.67615092	23.77593231	1.20310664	0.043072110000000004	0.1041535384	0.0171710185	0.0467081404	0.0792258231	0.0214514465	-0.06459508	0.11785569800000001	0.0163710293	-0.0095994561	-0.012779416799999999	-0.157765445	-0.037173898399999995	0.092845289	0.07172245969999999	0.0400031891	0.0023737552	0.0	0.0385751	0.0112389	-0.0275751	-0.000916564	-0.00177093	0.000503779
-399.6304321289063	-78.2718505859375	1.62630951	23.06894112	1.15477586	0.0465721	0.0068268677	0.0944957028	0.0381157454	-0.040969035200000004	-0.0428353497	-0.0022437026	0.027237350499999997	-0.12038082929999999	-0.0261486314	0.0620219871	-0.0831887038	0.0761287421	0.0922367566	0.0694755299	0.035606382799999996	-0.0039556013	0.0	0.0385551	0.0453358	-0.0289457	-0.000955284	-0.00170327	0.000388467
-326.63079833984375	771.0213623046875	1.8413403	26.11911774	1.18678904	0.0987329	-0.10580066910000001	-0.0795386819	0.016090204599999998	0.0143286588	0.0388733842	-0.026029460499999997	-0.0914978826	0.0290225312	0.0773432209	0.0043485787	-0.1717854781	-0.0255237244	0.0916052369	0.0671593453	0.031129725	-0.010269189599999999	0.0	0.0385751	0.015835	-0.0654272	-0.00050827	-0.00163171	0.000524505
388.806396484375	670.2521362304688	2.19926453	31.19621468	1.31948912	0.07818039999999998	0.0721409738	-0.0872380056	-0.0052692164	0.0253633434	0.0363296687	-0.0840244198	0.07091564759999999	0.0661791922	0.0804064119	-0.0063923819	-0.1675708498	-0.0277054752	0.09095088720000001	0.0647762149	0.026583255299999997	-0.0165418419	0.0	0.0640231	0.0288001	-0.0945394	-0.000532328	-0.0015722	0.000654039
-1363.694091796875	-653.0171508789062	2.36290288	33.51739883	1.44047976	0.1983168	0.0513038463	0.060904808	0.0515448885	0.12948440949999998	-0.0761118071	-0.0791142774	0.08301485480000001	-0.0974259132	-0.0277309583	0.0595992531	-0.1361680927	0.053540025199999994	0.09027387070000001	0.0623285141	0.0219771695	-0.0227485535	0.0	0.0386048	0.0460332	-0.0327506	-0.00185098	-0.00174353	0.000266489
-349.1318359375	-1040.161376953125	2.10434699	29.84982491	1.30025101	0.10222975	-0.11435697060000001	-0.0221571137	0.0618193559	-0.0099396249	0.012561443600000001	-0.1354913946	-0.0963221684	-0.0399442133	0.0053929595999999995	0.0942175489	-0.1422879407	-0.0326964475	0.08957435609999999	0.0598186829	0.0173217973	-0.028864582799999997	0.0	0.0337509	0.0197361	-0.0347318	-0.000529566	-0.00173293	0.000316426
-959.1322021484376	-270.9931640625	1.82529593	25.89153099	1.21448696	0.060915799999999985	0.08776423050000001	-0.0831037167	0.0001115467	-0.1095941155	-0.0075225639	-0.0171071632	0.07896502080000001	0.0656857751	0.0326766906	0.059841547099999996	-0.2321244243	0.021709201299999998	0.0888525176	0.057249223200000005	0.012627579	-0.0348655494	0.0	0.0385675	0.0194905	-0.0296183	-0.0008448629999999998	-0.00224656	0.000130551
-1060.445068359375	-299.012451171875	1.97201681	27.97274399	1.28878748	0.09107035	0.025461788399999997	0.1422981709	0.0077872352	-0.0329699706	-0.19671735070000002	0.0342306327	0.0602029391	-0.12147309519999999	-0.0091504336	0.057605501600000004	-0.0554695399	0.0019565733999999998	0.0881085353	0.0546226962	0.0079050419	-0.0407275316	0.0	0.0248091	0.0439626	-0.0195438	-0.000608551	-0.00232339	-0.000411614
-642.6328735351562	205.71832275390625	1.97938311	28.07723236	1.30080473	0.07032702999999998	-0.0935948075	-0.0551062573	0.0158119488	-0.005870482	0.0313461131	0.0207939145	-0.1109897698	0.0306284466	0.060693910999999996	0.0422907102	-0.1199935117	-0.0603382446	0.0873425944	0.05194172	0.0031647768	-0.046427162	0.0	0.0385086	0.045413	-0.0317719	-0.000213038	-0.00219163	-7.99064e-05
-352.44580078125	469.88653564453125	1.90549874	27.02919579	1.25414574	0.10589958	0.06286825019999999	-0.0715432611	0.027477141099999998	0.03298009	0.11122010800000001	0.0317462897	0.04736368	0.0763244973	-0.0068657794999999995	0.0519956757	-0.046388889800000006	0.0100854413	0.0865548859	0.0492089673	-0.0015825856	-0.05194172	0.0	0.0385264	0.0433637	-0.0261587	-0.0009711120000000002	-0.00322085	-0.000256998
-177.19610595703125	-107.6326904296875	2.26167727	32.08153152	1.6445055	0.29126851	0.0948987784	0.0746541322	0.0642585409	0.0821925183	0.0340698154	0.028809577000000003	0.13235101289999998	-0.026644240099999997	-0.06974171679999999	0.0266474649	0.013079845900000001	-0.0342817126	0.08574560619999999	0.046427162	-0.0063263989	-0.057249223200000005	0.0	-0.00804501	0.0363138	-0.0812752	0.00113712	-0.0039368	-0.00108343
-776.9464721679688	-205.2144775390625	2.55202031	36.20000076	1.6639787	0.29723411	0.054448836699999996	0.09183104710000001	0.1338808235	-0.1230838415	-0.15840368289999998	0.43352015920000003	0.0411596096	-0.1051728077	-0.1081581665	0.051718168200000005	-0.0079030134	-0.0756072666	0.0849149568	0.043599077	-0.0110560246	-0.0623285141	0.0	0.0129347	0.0333541	0.0150898	-0.000479162	-0.00230961	-0.000788308
-713.75927734375	215.70379638671875	2.17265272	30.81873131	1.25873935	0.0995467	-0.11645081550000001	-0.0710183126	0.1342905224	0.0512108855	0.0544985264	-0.0703375688	-0.1346402166	0.0104267783	-0.0392992677	0.09826821820000001	0.0487463203	0.009651810600000001	0.0840631448	0.0407275316	-0.0157608558	-0.0671593453	0.0	0.0384344	0.0359777	0.0364781	-0.000352665	-0.00179047	-0.000433243
228.42779541015625	1279.3095703125	1.81453228	25.73884964	1.23629189	0.0444624	0.0582625459	-0.0962000653	0.0514262948	-0.0377127594	0.0377330062	0.057802333	0.0249832729	0.111174866	-0.0038529340999999997	0.0495097695	0.0744085728	-0.0042967153	0.0831903826	0.0378153881	-0.020430341499999997	-0.07172245969999999	0.0	0.0384543	0.0277662	0.0171923	-0.000560404	-0.00179047	-0.000302078
240.739990234375	1074.977783203125	1.91488719	27.16236877	1.25165248	0.09414510000000002	0.0326415498	0.0769462618	-0.0147006253	0.041105365	-0.10563530859999999	0.0085210606	0.0293729886	-0.0726356586	-0.040409989199999996	-0.0730800451	0.0811439772	-0.0529153042	0.0822968876	0.0348655494	-0.0250540098	-0.0759996673	0.0	0.0384979	0.0470271	0.032362	-0.0009711120000000002	-0.00250191	-0.000373348
16.4271240234375	703.64599609375	1.84495938	26.17045403	1.26172626	0.08746904999999999	-0.0870029434	-0.0389347357	-0.055075562800000005	0.06046823269999999	-0.06511564809999999	-0.00872363	-0.0894399335	0.0074051407999999996	0.036391464	0.0205532503	0.0535493015	0.0128651399	0.08138288240000001	0.0318809559	-0.0296214915	-0.0799739179	0.0	0.03846	0.0794942	0.0192649	-0.0009711120000000002	-0.00179047	-0.000247449
-36.32318115234375	719.1267700195312	1.77224696	25.13903999	1.10034704	0.06122215	0.0782339345	-0.0195558463	-0.056995588099999994	0.045445886799999995	0.1034369634	0.0386249669	0.07517244070000001	0.051993554500000004	-0.0254568304	0.0002230619	0.1175887174	0.0850596317	0.0804485949	0.028864582799999997	-0.0341225436	-0.08362936900000001	0.0	0.0384742	0.0470476	0.0146427	-0.000660529	-0.00196267	-0.000247449
-504.07354736328125	91.98248291015624	1.7098794	24.25436592	1.03022599	0.044769	-0.0535214117	0.09316938	-0.0082323668	-0.0266566983	0.112352619	0.0563353704	-0.046324554299999994	-0.061561325099999994	-0.0419695384	-0.023606347000000003	0.017497167	-0.0511752288	0.079494258	0.0258194369	-0.0385470719	-0.086951449	0.0	0.03846	0.0292039	0.0320086	-0.000641825	-0.00179047	-0.000247449
-1226.198974609375	276.9007568359375	1.44641972	20.51723289	0.96933949	0.040287100000000006	0.0325185578	-0.096706375	-0.0110290472	0.0639772563	-0.0198308718	0.0964703512	-0.028219878900000002	0.0739054987	-0.0189256759	0.0361823213	-0.032259196600000005	0.0461790511	0.07852010940000001	0.0227485535	-0.042885154	-0.0899269149	0.0	0.0463796	0.0244913	0.0337555	-0.000531675	-0.00219848	-0.000247449
-1123.63671875	-694.7435913085938	1.47690201	20.94961929	0.91767526	0.05145045	0.048414008499999994	0.0789683712	0.0121742745	0.1597326349	-0.0336515287	0.0766670939	0.0462832372	-0.058896366	-0.0986987982	0.0618013896	0.038163654500000005	0.09882232769999999	0.077526392	0.019654994	-0.047127061100000006	-0.0925439058	0.0	0.0416332	0.0448718	0.0277638	-0.000695384	-0.00211963	-0.000411527
10.6754150390625	585.7372436523438	1.46319139	20.75513649	0.91702414	0.0744254	-0.09351032570000001	-0.048542651799999996	0.0163405918	0.071301949	-0.0080580535	0.0516338502	-0.1055190401	0.0341832935	-0.0238709033	0.006782228299999999	0.0591950467	0.0218924272	0.0765133533	0.0165418419	-0.0512632804	-0.09479198949999999	0.0	0.03846	0.02306	0.0387816	-0.00042017	-0.00179047	-0.000247449
418.4250183105469	856.9053955078125	1.43489408	20.3537426	0.92672706	0.054457800000000015	0.1051291005	-0.0239556129	-0.0072429973	-0.0124592334	0.09048261710000001	0.034377275	0.07476696940000001	0.0777551376	-0.0544149246	-0.0632365208	-0.014600408799999999	-0.058231531600000004	0.075481246	0.0134122005	-0.055284535700000005	-0.09666220460000001	0.0	0.0284688	0.0195766	0.012319	-0.000360028	-0.00202074	-0.000247449
-694.6378173828125	-4.30133056640625	1.39542675	19.79390526	0.94184822	0.0998617	0.004837948	0.0763568148	0.0030512016999999997	-0.0360113987	-0.043617306200000004	0.053572701699999996	0.0054628997	-0.0692718079	-0.0635333213	-0.0341194405	0.030768687000000003	-0.0027228698	0.0744303271	0.010269189599999999	-0.0591818091	-0.0981470957	0.0	0.0384604	0.0504935	0.0434874	-0.000681567	-0.0021501	-0.000352246
-13.88818359375	-674.7581176757812	1.39654005	19.8096981	0.9382782	0.03485119999999998	-0.11771333490000001	-0.0421789592	0.0698219645	0.1023282239	0.1005018708	0.0211688352	-0.13579195130000002	0.0304171125	-0.0728012902	0.0334342381	0.1103339944	0.04434237269999999	0.07336085860000001	0.0071159421	-0.0629463604	-0.0992407438	0.0	0.0523803	0.0516279	0.0477007	-0.000916877	-0.00210697	-0.000319014
-9.576019287109377	-496.46484375	1.38820386	19.69145012	0.93671149	0.06316985	0.06483646679999999	-0.10606124730000001	0.0470320996	-0.0112641997	0.0180504758	0.0939296549	-0.005074116500000001	0.1680263004	-0.0850527142	-0.0073284292	-0.0055378349	-0.026175352599999997	0.0722731071	0.0039556013	-0.0665697472	-0.09993878910000001	0.0	0.0499093	0.0379663	0.0418739	-0.000202353	-0.00206885	-0.000247449
-286.4513854980469	-651.046630859375	1.48951972	21.12859917	0.94430411	0.06900749999999999	0.0561109642	0.09473294210000001	0.0458038298	0.1026812839	-0.0142948779	0.0021607889999999998	0.0580637427	-0.0672842177	-0.1043934562	-0.006521588199999999	0.0370891628	0.002648307	0.0711673436	0.0007913175	-0.0700438436	-0.1002384491	0.0	0.0384866	0.056434	0.040564	-0.000916877	-0.00211047	-0.000247449
-707.3892211914062	-372.75335693359375	1.54779267	21.95519257	0.95783842	0.05108009999999999	-0.1202444723	0.023143157200000004	0.0706011588	0.0658714456	0.046812203499999996	-0.028481479700000003	-0.1189170546	-0.0451213024	-0.056284397400000005	0.0637400377	0.0214245701	0.0940686449	0.0700438436	-0.0023737552	-0.07336085860000001	-0.10013852919999999	0.0	0.038482	0.0352884	0.0417802	-0.000425663	-0.00219353	-0.000247449
150.92294311523438	1098.352294921875	1.60980678	22.83485222	0.97483647	0.03876154999999999	0.0528336925	-0.1019976512	0.0200137195	-0.0097945854	0.033350830299999995	0.0851956016	0.006151659300000001	0.1331318505	-0.056418618899999995	-0.0356827786	0.0296476089	-0.0011259476	0.06890288730000001	-0.0055364616000000005	-0.0765133533	-0.0996394278	0.0	0.043535	0.0260531	0.0397213	-0.000303716	-0.00234958	-0.000417739
671.860107421875	388.0206298828125	1.49844325	21.25517845	0.93134612	0.07919925000000001	0.0378495584	0.1045269464	-0.0263424322	0.0099542811	-0.0320419996	0.0232788131	0.027927953199999998	-0.0770462237	-0.0474922095	-0.062764206	0.0476764675	-0.048951813200000006	0.067744759	-0.0086936492	-0.079494258	-0.0987431344	0.0	0.0517735	0.0759784	0.0312791	-0.000385291	-0.00234958	-0.000247449
160.9847412109375	169.9388427734375	1.35690176	19.24743462	0.91267729	0.04576165	-0.0870458421	-0.0426073046	-0.0373570419	0.0459599338	-0.00096808	-0.023398619	-0.112215358	-0.0029265377	0.0081469412	-0.048049365499999996	-0.0083192243	0.0684349065	0.0665697472	-0.011842170700000001	-0.0822968876	-0.0974532219	0.0	0.0552372	0.0582465	0.0517095	-0.000468004	-0.00234958	-0.000247449
649.796875	604.5446166992188	1.51091981	21.43215561	0.94160771	0.0338359	0.086939894	-0.0286593783	-0.054822943	-0.0668641234	0.0628364274	-0.0134642576	0.065921975	0.0813583509	-0.0350833199	-0.050653204400000006	0.1170591705	0.0315271506	0.0653781449	-0.0149788877	-0.0849149568	-0.0957748323	0.0	0.0514996	0.0672841	0.0408381	-0.000320658	-0.00229314	-0.000247449
-622.4534912109375	-337.41217041015625	1.47865677	20.97451019	0.94580245	0.0171304	0.005589265600000001	0.0950677241	-0.0007065383	-0.06360292070000001	-0.0128480704	0.0008689714	0.0266806432	-0.0747831268	-0.0294626278	-0.0327798091	-0.0437238536	-0.05177334150000001	0.064170249	-0.0181006735	-0.0873425944	-0.09371465609999999	0.0	0.0508874	0.0631734	0.0325595	-0.000397755	-0.00229862	-0.00024745
-766.578857421875	-1152.993896484375	1.47775805	20.96176147	0.92681837	0.055284199999999985	-0.1061778486	-0.0436770442	0.0424386245	0.0286516614	0.0247043095	-0.0925842701	-0.1330108706	-0.0210182675	-0.0081529922	0.0273033958	-0.016482585	0.0334111648	0.0629463604	-0.021204416099999998	-0.08957435609999999	-0.0912809058	0.0	0.0543618	0.0499739	0.0591709	-0.000481415	-0.00220072	-0.000189032
-303.07916259765625	-111.88818359375	1.41731298	20.10435867	0.93319482	0.08183134999999998	0.060048730999999994	-0.0992266252	0.0470872645	-0.08377752769999999	0.0471158288	-0.0191940005	0.016860382	0.1158145135	-0.014412129	0.022613700499999997	-0.030416457	-0.04817619769999999	0.061706784400000006	-0.0242870216	-0.0916052369	-0.08848328300000001	0.0	0.0447792	0.010726200000000002	0.0518217	-0.000175656	-0.00234958	-0.00024745
375.5454711914063	-136.34494018554688	1.49926114	21.26677895	0.93879825	0.08542815	0.0638724854	0.0654948198	0.0315977868	-0.0201738605	-0.0832019976	-0.0996545781	0.1048649361	-0.0425409814	-0.0077211965	0.0163051118	0.01871277	-0.0656883836	0.060451829699999994	-0.027345417400000002	-0.0934306823	-0.0853329399	0.0	0.0449648	0.0614395	0.0379665	-0.000449627	-0.00248909	-0.00024745
940.857666015625	51.82330322265625	1.22029805	17.30973244	0.93088347	0.0596799	-0.0385767298	0.0725379503	-0.0004063421	-0.1335591632	-0.0924887417	-0.0641821798	-0.0308467906	-0.0905360353	0.0408494986	0.028395047000000003	-0.0080441609	0.0050849441	0.0591818091	-0.0303765546	-0.09504659859999999	-0.0818424346	0.0	0.052461	0.0249368	0.0464018	-0.000436873	-0.00262125	-0.00024745
1167.294677734375	112.61651611328124	1.61911309	22.96685982	0.96071488	0.04702555	-0.0681861663	-0.09171369929999999	0.0053724108	-0.0243663534	-0.0086237549	-0.0796777595	-0.0942607286	0.08138983849999999	0.0508370367	-0.0295444574	0.00853368	-0.1112355394	0.0578970392	-0.0333774118	-0.09644936189999999	-0.07802568139999999	0.0	0.0486985	0.0247995	0.0569275	1.5918e-05	-0.00242204	-0.00024745
-50.45559692382813	-239.3402404785156	1.53585029	21.7857914	0.93806106	0.06731985	0.087728358	-0.0634797803	0.0118741526	-0.0851349419	0.0317322817	-0.09997688369999999	0.08133124929999999	0.093746939	0.0607276755	0.073534771	-0.059904207599999995	-0.09020855900000001	0.05659784019999999	-0.0363449977	-0.0976358263	-0.073897895	0.0	0.0385208	0.0192892	0.0362757	-0.000386513	-0.00263921	-0.00024745
-473.1434326171875	-952.6094970703124	1.52181864	21.58675385	0.9499228	0.049995185	0.0473141334	0.08474573630000001	0.0458768726	-0.0116060942	-0.0796189592	-0.11786767710000001	0.08506725109999999	-0.07403904230000001	0.0149281802	0.11871933050000001	-0.0117633146	-0.044804932199999994	0.055284535700000005	-0.0392763541	-0.098603331	-0.0694755299	0.0	0.0385243	0.00854147	0.0551296	-1.28719e-05	-0.00260505	-0.00024745
-180.956298828125	-624.1912841796875	1.57639408	22.36089897	0.93816519	0.05242570499999999	-0.11130973529999999	-0.015017781000000001	0.06305062980000001	-0.0511217433	-0.0065447162	-0.1244774353	-0.0813782588	-0.0309054118	0.04501601400000001	0.1227388079	0.0077482987	-0.0919360576	0.053957453200000005	-0.042168559	-0.0993497063	-0.0647762149	0.0	0.0427185	0.0345286	0.0609249	6.06396e-05	-0.00234958	-0.00024745
-311.2066345214844	949.2894287109376	1.57850087	22.39078331	0.95306373	0.07211742999999998	0.0769200488	-0.0546344578	-0.0090414535	-0.15037771	-0.0196770399	-0.10118430380000001	0.0891013452	0.0582572367	0.0824652526	0.0935217948	-0.0676922597	-0.0646186092	0.0526169234	-0.0450187293	-0.0998732783	-0.0598186829	0.0	0.0385327	0.0172667	0.0520528	-0.000386513	-0.00273838	-0.00024745
278.79299926757807	938.1452026367188	1.53051555	21.71011925	0.93492389	0.047221300000000015	-0.0075580203	0.1128386859	-0.030445288799999998	-0.0645566365	-0.0838927484	-0.0405165724	0.035658834900000005	-0.1399032973	0.0686167575	0.0912598346	0.010105275300000001	-0.0040508273	0.0512632804	-0.04782402400000001	-0.10017287289999999	-0.0546226962	0.0	0.0506099	0.0411532	0.0512442	-0.000386513	-0.0025294	-0.00024745
452.2926635742188	1768.8134765625	1.74543178	24.75867081	0.95671415	0.06659427	-0.0385351383	-0.09232474710000001	-0.0525862817	-0.0314775	-0.1264624835	-0.0467099172	-0.0224827189	0.0588627549	0.1060722899	0.048561317400000005	-0.008031953599999999	-0.0054369935999999995	0.0498968614	-0.050581646699999996	-0.1002478183	-0.0492089673	0.0	0.0499575	0.00834818	0.0622233	-0.000123178	-0.00234958	-0.00024745
-33.64520263671875	737.294189453125	1.5115819	21.44154739	0.94497138	0.051386069999999985	0.0648492584	0.0579209633	-0.0078718942	0.042661986900000004	0.0181136638	-0.10695987539999999	0.11079185849999999	-0.0444624895	0.0413916051	0.009223427900000001	-0.0661588902	-0.0918108521	0.048518007099999996	-0.0532888484	-0.1000979463	-0.043599077	0.0	0.0385215	0.0124376	0.0448841	-0.000238587	-0.0026046	-0.00024745
-669.3330078125	203.9624328613281	1.41147661	20.02157021	0.93204492	0.06862679999999999	-0.07246612870000001	-0.0234907991	0.0400502176	0.0320315563	-0.0628507314	-0.09474626039999999	-0.0675399293	-0.0081460771	0.057832922800000006	0.0935150042	-0.056669302000000005	0.029099069900000003	0.047127061100000006	-0.055942930700000004	-0.09972359300000001	-0.0378153881	0.0	0.0540215	0.0304279	0.0598733	-0.000386513	-0.00234958	-0.00024745
94.97909545898438	464.56817626953125	1.53917253	21.83291626	0.90433234	0.04607648	0.0800673571	-0.023589949500000002	0.0030065422999999997	-0.0766034867	0.0857615999	-0.0269226933	0.0713507675	0.0406154202	0.0196647665	0.0562465903	0.0464848558	0.0204882701	0.045724370099999995	-0.0585412479	-0.09912559800000001	-0.0318809559	0.0	0.0440428	0.029866	0.0568364	5.64666e-05	-0.00255658	-0.00024745
97.853759765625	830.7989501953125	1.42791009	20.25467682	0.91609228	0.041012645000000014	-0.09718502609999999	0.030475526	0.0093075008	-0.0750240862	0.0260401534	-0.0723955151	-0.053361504000000004	-0.0387855599	0.08680602890000001	0.024052391	-0.0098279686	-0.1033393128	0.0443102836	-0.0610812099	-0.09830530230000001	-0.0258194369	0.0	0.0455348	0.0421247	0.0673774	-1.75663e-05	-0.00234958	-0.000194064
62.85340881347656	1282.6546630859375	1.46766126	20.81854057	0.92557967	0.050371785	0.06459065530000001	-0.0700489887	-0.045219513200000006	-0.0758891806	-0.0132872697	-0.0664485776	0.0672693692	0.0676109556	0.10513287880000001	0.0253915323	-0.026743750400000002	0.023682424900000002	0.042885154	-0.0635602848	-0.0972645456	-0.019654994	0.0	0.0385198	0.0487816	0.0539213	-0.000196756	-0.00258188	-0.00024745
291.4780578613281	667.8228759765625	1.39961338	19.85329247	0.91060662	0.039142249999999996	-0.0024980467	0.0790618299	-0.019864603600000003	-0.012145719	-0.0903938868	-0.006520998399999999	0.025543177599999998	-0.10758103720000001	0.0311220413	0.0037279015	0.021573309300000003	0.0694526922	0.041449336600000004	-0.0659760014	-0.0960056619	-0.0134122005	0.0	0.0487627	0.035339	0.0631053	-0.000213361	-0.00247303	-0.00024745
-110.08479309082031	765.8661499023438	1.46590567	20.79363823	0.93121821	0.07986675999999998	-0.0194245449	-0.0677781438	-0.0333430969	-0.0032354052000000003	-0.09172042109999999	-0.0155689854	-0.0396980078	0.0577296038	0.0506790748	-0.0202659406	-0.0114087549	0.014143016000000001	0.0400031891	-0.0683259517	-0.0945314743	-0.0071159421	0.0	0.0385232	0.00406029	0.0716164	0.000323398	-0.00253302	-0.00024745
333.85235595703125	-299.5281066894531	1.29576695	18.38024712	0.9366644	0.058844659999999986	0.0525591858	0.0414395417	-0.009380395500000001	0.0638229916	-0.0454435263	-0.0710674296	0.0846767685	-0.038221882400000004	0.0369046691	0.0017747626	-0.0134208323	-0.09795229650000001	0.0385470719	-0.0706077933	-0.092845289	-0.0007913175	0.0	0.0384737	0.0266159	0.0753596	0.000137726	-0.00264418	-0.000600545
-208.02301025390625	-434.1098937988281	1.58653891	22.5048008	1.05697012	0.047396899999999985	-0.08490144210000002	-0.0185976243	0.022654413999999998	0.020778234399999998	-0.0245551856	-0.0520063025	-0.060925214299999995	-0.0251423078	0.0835599303	0.060902125300000005	0.0076387365	-0.0093789401	0.0370813481	-0.07281925139999999	-0.09095088720000001	0.0055364616000000005	0.0	0.0384605	0.02837	0.0967729	0.000457277	-0.00268238	-0.00072712
1142.1016845703125	580.683349609375	1.65310097	23.4489727	1.0229491	0.08504905	0.08764593300000001	-0.048059106399999996	-0.044436946500000005	-0.0794752339	-0.010551201599999999	-0.0160359665	0.08151463980000001	0.0706347081	0.0744857624	0.0052090201000000004	0.1155132932	0.018827699099999998	0.035606382799999996	-0.0749581217	-0.0888525176	0.011842170700000001	0.0	0.0384983	0.0057554	0.101153	0.000109416	-0.00234958	-0.00024745
354.851318359375	328.8515930175781	1.81011379	25.67617416	1.11459732	0.058420355000000014	-0.0098560715	0.1406790165	-0.0549558412	-0.1146067666	-0.005106844	-0.013844281299999999	0.0284237695	-0.126999127	0.0708865763	-0.0616386439	0.0314537258	-0.0528820229	0.0341225436	-0.0770222721	-0.0865548859	0.0181006735	0.0	0.0457963	0.029579	0.0832966	-7.94311e-05	-0.00234958	-0.00024745
-501.2115478515625	-277.73016357421875	1.76176083	24.99029541	1.10114825	0.063218565	-0.0785519589	-0.0755451191	-0.032467818100000004	0.0421204312	-0.0925082808	0.0067523476	-0.0686705811	0.040312094300000004	0.0696020729	-0.0039426936999999995	-0.0395739734	0.1318519601	0.0326302004	-0.0790096451	-0.0840631448	0.0242870216	0.0	0.0548078	0.00139584	0.0956637	0.000193705	-0.00234958	-0.00024745
152.16310119628906	181.4380798339844	1.7433387	24.72898102	1.06923783	0.05073694	0.08016361179999999	0.013993911299999998	-0.0695124217	-0.0183380211	0.10985544960000002	0.0033224268	0.0834191869	0.0536611277	-0.0028985681	-0.0605510087	0.0633015858	0.09634686949999999	0.031129725	-0.0809182595	-0.08138288240000001	0.0303765546	0.0	0.0384983	0.0217757	0.0878801	6.84254e-05	-0.00234958	-0.00024745
296.0377502441406	634.9188232421875	1.62019324	22.98218155	1.01092875	0.06715632000000002	-0.08000581429999999	0.054177971500000005	-0.054594053899999995	-0.0860138433	0.0223263149	0.054401512	-0.035101122400000004	-0.08626224910000001	0.0378771164	-0.0641920743	0.0132902872	0.008866974	0.0296214915	-0.0827462129	-0.07852010940000001	0.0363449977	0.0	0.0548167	0.0500553	0.07450139999999998	-0.000115167	-0.00234958	-0.00024745
-801.7125854492188	231.27456665039062	1.32890928	18.85036659	0.95810837	0.0493306	0.0233742809	-0.0266500156	-0.11599018300000001	-0.0006860942999999999	0.0178795071	-0.009949914399999999	0.0011876331	0.029556617599999998	0.04478717559999999	-0.010784001299999998	0.0001821849	0.1609781119	0.028105875699999998	-0.08449168300000001	-0.075481246	0.042168559	0.0	0.0384983	0.0356898	0.0795808	-0.000386513	-0.00234958	-0.00024745
-76.15045166015625	900.8178100585938	1.61100113	22.85179329	1.08038759	0.09226158000000002	-0.084702576	0.0258116111	-0.1018069721	0.0798553003	-0.0703565512	0.049428445099999996	-0.0214438221	-0.0308416275	0.0707016703	-0.0399021437	0.06611726820000001	0.1541436848	0.026583255299999997	-0.08615293	-0.0722731071	0.04782402400000001	0.0	0.0385192	-0.0013576800000000004	0.0939806	0.000311398	-0.00234958	-0.000129493
1105.7242431640623	2355.798583984375	1.428388	20.26145554	1.06616819	0.05070386499999999	0.024415172599999996	0.0197885828	-0.20481553370000002	-0.0123660814	0.09230832380000001	0.0326817782	0.0285619954	0.007928605	0.125822045	-0.1415365401	0.090302381	0.0215400607	0.0250540098	-0.0877282978	-0.06890288730000001	0.0532888484	0.0	0.038536	0.025389	0.07331709999999998	0.000313522	-0.00234958	-6.60793e-05
1506.973876953125	3448.091796875	1.32178855	18.74935913	0.96899259	0.035644835	-0.0968957109	0.021001386299999997	-0.1912762098	0.0597982616	0.0040871938	0.1002824091	-0.042819746299999996	-0.047754299800000004	0.15586876859999999	-0.2340154191	-0.0029986969000000002	0.0041277433	0.023518520299999998	-0.08921621619999999	-0.0653781449	0.0585412479	0.0	0.038479	0.0277905	0.0669221	0.000155876	-0.00215277	-0.00024745
263.78598022460943	2176.697509765625	1.41217256	20.03144264	1.00208163	0.020293929999999988	0.0245254309	-0.0025776835999999997	-0.2087594114	-0.0162088708	0.12115401640000001	0.0133163975	0.0387921531	0.011682096699999998	0.0687566411	-0.18186692640000002	0.0549044195	0.108597544	0.0219771695	-0.0906152019	-0.061706784400000006	0.0635602848	0.0	0.0384767	0.0424714	0.0666601	5.65914e-05	-0.00216046	-0.00024745
-26.96435546875	918.92822265625	1.62302756	23.02238655	1.07401192	0.05603398	-0.0841887	0.024719783999999998	-0.0633332708	0.0802905998	0.06872459730000001	0.1613972207	-0.053725770199999995	-0.0322856839	0.0077857091000000005	-0.127235605	0.067492025	0.10422119449999999	0.020430341499999997	-0.09192386050000001	-0.0578970392	0.0683259517	0.0	0.0384716	0.0482809	0.08790789999999998	0.000295233	-0.00195899	-0.00010813
55.84778594970703	153.15899658203125	1.37288189	19.47410965	0.97705394	0.029315949999999986	0.045810753499999995	0.0027213286	-0.049100617699999995	-0.013683876599999999	0.103660744	0.0762871087	0.0115792344	0.016958601599999998	-0.0575439475	-0.1473923473	0.0048470798	0.0069660826	0.0188784218	-0.0931408873	-0.053957453200000005	0.07281925139999999	0.0	0.0384586	0.0543942	0.0813983	0.000435764	-0.00201274	-0.00024745
894.597412109375	448.0772399902344	1.28061271	18.16528702	0.97961992	0.031639949999999986	-0.0613445804	-0.0064971362	-0.021219031200000002	0.0872366732	0.0326077027	0.10733259070000001	-0.0411707485	-0.0109480655	-0.018067792	-0.140933513	-0.033352211	0.0013697626	0.0173217973	-0.0942650692	-0.0498968614	0.0770222721	0.0	0.0384488	0.0321672	0.08215229999999998	0.000559366	-0.00196336	-0.000247451
-119.77791595458984	-693.3795166015625	1.13964808	16.16572571	0.94166219	0.0727952	0.0437639159	-0.0007617772999999999	-0.011916983600000002	0.0875304401	0.0720161599	0.0943001367	0.028236887000000002	-0.000874953	-0.07803639009999999	-0.052053023899999995	0.0473055305	0.0999142073	0.0157608558	-0.09529528570000001	-0.045724370099999995	0.0809182595	0.0	0.0384983	0.0519244	0.0979431	0.000201632	-0.00234958	-0.000247451
628.9717407226562	-716.6488037109375	1.21297145	17.20580673	0.95704466	0.03457655000000001	-0.0699013566	0.0104071139	0.0190938947	0.15306325140000002	-0.0164272722	0.0768552771	-0.09754206779999999	0.011232438999999999	-0.07721445019999999	-0.061334678600000005	0.0592127985	0.045579082800000004	0.014195986399999999	-0.0962305098	-0.041449336600000004	0.08449168300000001	0.0	0.0384623	0.0385371	0.0953724	0.000288143	-0.00206444	-0.000247451
452.5338745117188	-937.1680297851562	1.38878572	19.69970322	1.01950812	0.06295010000000001	0.0625640856	0.0024423099	-0.011697743799999999	-0.0031209131	0.084194201	0.058323282000000004	0.026226615699999997	0.04827798690000001	-0.0891956553	-0.10585195609999999	1.5188599999999999e-05	-0.0373595812	0.012627579	-0.0970698092	-0.0370813481	0.0877282978	0.0	0.0384156	0.0100264	0.0979115	0.00063834	-0.00208945	-0.000509316
277.78353881835943	-1482.499755859375	1.29200268	18.32685089	0.93946952	0.04011190000000001	-0.058734361900000004	0.034528964	0.0164063299	0.0857695115	0.022529398500000002	0.0701489515	-0.055122283	-0.031561522	-0.07246016429999999	-0.09348602939999999	-0.0229385177	-0.0395622224	0.0110560246	-0.0978123473	-0.0326302004	0.0906152019	0.0	0.0383911	0.0319407	0.097905	0.000380373	-0.00202092	-0.000546151
-603.404296875	-1820.76904296875	1.85704911	26.34194565	1.25514376	0.23863169000000006	0.047156795599999995	-0.0288733491	0.0059625966	0.053374560099999996	0.057768144800000004	0.1042736449	0.0146100574	0.015188441899999999	-0.09692942060000001	-0.0342827949	-0.0045445	0.0837435978	0.009481714799999999	-0.0984573839	-0.028105875699999998	0.0931408873	0.0	-0.00110574	0.0597017	0.131886	-0.000101375	-0.00358427	-0.0012489100000000004
71.28282928466797	-1910.850830078125	1.70929694	24.24610329	1.24005461	0.26446104	-0.041694222999999996	-0.008023304	0.0455648043	0.10353488029999999	0.0460258558	0.0742388295	-0.067397734	0.0165338907	-0.1053561478	-0.0583123617	0.0124265837	0.063467305	0.0079050419	-0.0990042761	-0.023518520299999998	0.09529528570000001	0.0	0.0383796	0.038849	0.0762347	0.000754888	-0.00203867	-0.000681339
38.40747833251953	-2342.6201171875	1.21308053	17.20735359	0.97792763	0.049313360000000014	0.053114492199999995	0.013363751200000001	0.0481535986	0.0347880078	0.0206807519	0.054369027199999996	0.0268183007	0.0077415426	-0.0999547513	-0.0717362857	-0.0959033235	-0.09315025240000001	0.0063263989	-0.09945247859999999	-0.0188784218	0.0970698092	0.0	0.0384027	0.00150719	0.0724007	0.000744559	-0.00219063	-0.000681339
-314.2178649902344	-2675.764404296875	1.37824893	19.55024147	1.00414014	0.08485371	-0.0376080539	-0.008963910799999999	0.0757769864	0.0417423047	-0.0012662134	0.0415731865	-0.057439171399999996	-0.009277588100000001	-0.09001830050000001	-0.0017442032	-0.049776737300000005	-0.035962253900000005	0.0047461793	-0.0998015448	-0.014195986399999999	0.0984573839	0.0	0.031062	0.0584812	0.0832616	0.000664999	-0.00212795	-0.000732661
-1196.28076171875	-2245.78369140625	1.48397398	21.04993439	0.98749274	0.024710100000000006	0.067714818	-0.019628631100000002	0.0243647724	0.014185466899999999	0.0197614751	0.016835016499999998	0.0544608759	0.0300423256	-0.09534461609999999	0.0353585718	-0.0119667347	0.10191256779999999	0.0031647768	-0.1000511266	-0.009481714799999999	0.09945247859999999	0.0	0.0383953	0.0507661	0.0803829	0.000749337	-0.00212795	-0.000681339
-19.53107452392578	-2736.865478515625	1.62596476	23.06405067	1.08479822	0.03502500000000001	-0.050354057199999996	0.0592259362	0.0894038902	0.025863831	0.1981031662	-0.05166407730000001	-0.0816905482	-0.0330182953	-0.10143875880000001	-0.0424020034	-0.0437702192	-0.1301193078	0.0015825856	-0.1002009753	-0.0047461793	0.1000511266	0.0	0.038339	0.0474448	0.08187379999999998	0.0010830700000000002	-0.00212795	-0.000950736
-247.34393310546875	-2801.072021484375	1.60157859	22.71813583	1.07817376	0.05834265	0.0652594266	-0.0801831275	0.0826283958	-0.060471094	-0.0188154444	0.0472488834	0.0289529529	0.09476514220000001	-0.07006500019999999	0.0042593747	-0.1056845106	-0.0559408875	0.0	-0.1002509414	-0.0	0.1002509414	0.0	0.0231288	0.0219213	0.08159869999999998	0.0011603500000000003	-0.00212795	-0.000681339
-1107.78173828125	-3484.15380859375	1.56710386	22.22911835	1.06101394	0.08979555	0.008004946899999999	0.1102322608	0.1327918971	0.0141222894	-0.026497776299999998	0.0614479608	-0.0022742459	-0.0883982617	-0.15540195	0.08639962699999999	0.0041111889	0.043976512599999996	-0.0015825856	-0.1002009753	0.0047461793	0.1000511266	0.0	0.0383953	0.0472722	0.0978877	0.000502567	-0.00212795	-0.000681339
-539.8446044921875	-1548.923095703125	1.88400114	26.72425461	1.17038059	0.07949260000000001	-0.0015848379999999999	-0.1055273664	0.06664747780000001	0.0191400321	-0.1642204076	0.0413222948	-0.0645785111	0.10677774109999999	-0.0608052348	0.0821013338	-0.0193730089	0.0318309354	-0.0031647768	-0.1000511266	0.009481714799999999	0.09945247859999999	0.0	0.0383074	0.07296379999999998	0.11799	0.000655469	-0.00178657	-0.000859273
-347.032470703125	-1971.0048828125	1.79553735	25.46940994	1.17435241	0.0931027	0.086129556	0.0652479729	0.075617663	0.1186592523	0.0093408412	-0.044774976200000004	0.0991629955	-0.0311256523	-0.10535584740000001	-0.0049196865	-0.0569775545	-0.054316176900000006	-0.0047461793	-0.0998015448	0.014195986399999999	0.0984573839	0.0	0.0383953	0.0470776	0.0784079	0.000623853	-0.00212795	-0.000681339
-1333.5328369140625	-2418.399169921875	1.63095891	23.13489151	1.08491278	0.06545950000000002	-0.0852181219	0.0645884627	0.1046540441	-0.0103388187	-0.0095899572	-0.0047353315	-0.076623709	-0.0668634722	-0.0848176313	0.0973755275	0.0002324293	0.049819284400000004	-0.0063263989	-0.09945247859999999	0.0188784218	0.0970698092	0.0	0.0383166	0.0726775	0.0891584	0.00079924	-0.00212795	-0.00108656
-179.09567260742188	-2352.73095703125	1.50957012	21.41301155	1.02450323	0.10606845	0.014636203200000001	-0.09870008460000002	0.0582153452	0.0289090421	-0.0692397389	0.0406100199	-0.044619791799999996	0.1218404878	-0.04104108	0.020912158	-0.0751289563	-0.018987421799999998	-0.0079050419	-0.0990042761	0.023518520299999998	0.09529528570000001	0.0	0.0383953	0.0123742	0.0918653	0.00125361	-0.00212795	-0.000681339
-833.9710083007812	-3153.187744140625	1.5560776	22.07271194	1.05002558	0.11911285	0.1010585175	-0.0257438689	0.0743949295	-0.0195667458	0.059469054800000004	-0.0302193714	0.0936259912	0.0568445047	-0.0671174679	0.0833115151	0.0006808725	-0.0236677932	-0.009481714799999999	-0.0984573839	0.028105875699999998	0.0931408873	0.0	0.0300056	0.0683333	0.0783883	0.000631111	-0.00212795	-0.0008845809999999998
-942.9088745117188	-2566.51953125	1.75330865	24.87040329	1.08646524	0.03304455	-0.012575248	0.0871448735	0.1214312406	-0.1321226989	-0.046756481100000004	0.2148600239	-0.0226199649	-0.1096556498	-0.0621093737	0.148630848	0.045552101100000006	0.0474671056	-0.0110560246	-0.0978123473	0.0326302004	0.0906152019	0.0	0.0305177	0.0519599	0.093717	0.000619337	-0.00212795	-0.000889414
-146.90924072265625	-527.8511962890625	1.83130538	25.97677422	1.13008606	0.08646140000000002	-0.0003180927	-0.1208664331	0.033838082400000004	0.032400086	-0.1275269514	0.0402229496	-0.06102863309999999	0.1117339432	-0.011794994599999999	0.0468817969	-0.016657343	-0.023905372999999997	-0.012627579	-0.0970698092	0.0370813481	0.0877282978	0.0	0.0208495	0.0291676	0.108601	0.00101828	-0.00195263	-0.000681339
-303.4720764160156	-349.2454833984375	1.78301668	25.29180717	1.24651575	0.09906475	0.059540296799999996	0.0476308417	-0.016723983	0.1223122404	-0.011751013999999999	-0.0835951241	0.09699116599999999	-0.050222803899999995	0.0239244505	-0.0044521023	-0.043269912800000004	-0.0013649654	-0.014195986399999999	-0.0962305098	0.041449336600000004	0.08449168300000001	0.0	0.0326086	0.0278955	0.0650051	0.000551341	-0.00212795	-0.000887833
-49.347434997558594	228.7977600097656	1.62001491	22.9796524	1.24283314	0.05910244999999999	-0.0954018556	0.0109106579	-0.0258541002	0.1312538621	-0.0499764959	-0.008096451	-0.0664330503	-0.0311370623	0.022362339900000004	0.0011483335	0.027956503100000002	0.09227679050000001	-0.0157608558	-0.09529528570000001	0.045724370099999995	0.0809182595	0.0	0.0334894	0.0284372	0.0919318	0.000196503	-0.00192029	-0.0009404
-511.3477783203125	-407.97149658203125	1.73887026	24.66559601	1.38520789	0.11473484	0.025280539100000003	0.0008086336999999999	-0.06985194980000001	-0.1234643291	0.0152447602	-0.046415272199999996	0.08730622019999999	-0.0538222729	0.1856932061	0.08246060599999999	-0.046539543600000004	-0.0867687897	-0.0173217973	-0.0942650692	0.0498968614	0.0770222721	0.0	0.0214478	0.007390909999999999	0.102111	-0.000505032	-0.00134199	-0.00108992
-91.84814453125	1308.63427734375	1.65015292	23.40715599	1.30856645	0.16184724	-0.0017300115	-0.021291637999999998	-0.10181651130000001	0.0026791440999999997	-0.0003204209	-0.0215365758	0.008357909200000001	-0.0201443526	0.1249850584	-0.014810541799999999	-0.0170988004	0.0080092537	-0.0188784218	-0.0931408873	0.053957453200000005	0.07281925139999999	0.0	0.0169162	0.0955748	0.0741797	-0.000333138	-0.000689875	-0.00108992
736.5889892578125	778.927490234375	1.61942267	22.97125244	1.14078748	0.07165999999999999	-0.059046414500000005	-2.61735e-05	-0.1284742824	0.1381457354	-0.050271923200000006	0.0373074804	-0.0338897023	-0.0354062982	0.0791750219	-0.0938212262	0.0336820725	0.1041372081	-0.020430341499999997	-0.09192386050000001	0.0578970392	0.0683259517	0.0	0.0169923	0.0774433	0.05781	-0.000337677	-0.00142699	-0.00108992
127.46365356445312	-627.154296875	1.56956625	22.26404572	1.05148995	0.11690191500000002	0.0333332846	0.0042432657	-0.0841418804	-0.0537746657	0.08978902	0.0358477838	0.042082316200000004	0.0176866054	0.0063623912	-0.125782241	0.012113028799999998	-0.002922529	-0.0219771695	-0.0906152019	0.061706784400000006	0.0635602848	0.0	0.031445	0.0323531	0.0779947	6.00773e-05	-0.0015887	-0.000905898
-335.41168212890625	-2621.986083984375	1.42080224	20.15385246	1.08590329	0.044041535	-0.0364937517	-0.0086036104	-0.0159172177	-0.0187972634	0.1118939335	-0.0032433114	-0.0391237328	-0.0049659979	-0.0197749693	-0.0767033582	-0.0745262229	-0.1091623974	-0.023518520299999998	-0.08921621619999999	0.0653781449	0.0585412479	0.0	0.0326041	0.0296774	0.08475209999999998	0.000337518	-0.00185844	-0.000784092
-1100.849609375	-4842.50537109375	1.39072478	19.72720909	1.08005154	0.05529935	0.0590787489	-0.0269479363	0.09753069460000001	-0.07069683389999999	0.0469324254	-0.0398332296	0.0336355957	0.0361491184	-0.09664126449999999	0.0418588023	-0.035310359300000004	-0.014407016000000002	-0.0250540098	-0.0877282978	0.06890288730000001	0.0532888484	0.0	0.0294553	0.0649965	0.0915434	0.000224295	-0.00185844	-0.000871672
-120.1623992919922	-4969.8994140625	1.31866765	18.70508957	1.00610578	0.0622084	-0.043339087199999994	-0.015547137800000001	0.14354462939999998	0.037972416099999996	0.0160924276	-0.0578489187	-0.0732712995	0.0058402188	-0.11535893720000001	0.0395546347	-0.030020725499999998	-0.0585223908	-0.026583255299999997	-0.08615293	0.0722731071	0.04782402400000001	0.0	0.0369191	0.0385326	0.08698799999999998	0.000484836	-0.00196072	-0.000759987
458.4622497558594	-3967.7939453125	1.56252778	22.16420746	1.10453725	0.0559923	0.0828301529	-0.0705027508	0.0833575437	-0.1300763181	-0.0378021689	-0.0381659621	0.05241318	0.0779545601	-0.0223770989	0.023993485800000002	-0.057557297	-0.14331500689999999	-0.028105875699999998	-0.08449168300000001	0.075481246	0.042168559	0.0	0.0369725	0.0543019	0.0958852	3.585e-05	-0.00185844	-0.000685805
-336.7255859375	-4931.93798828125	1.77274072	25.14604378	1.11136293	0.03425944	0.0534238226	0.097372932	0.1098889306	0.0075425491	-0.0640840971	-0.005848031899999999	0.0267008863	-0.0656476386	-0.0990420517	0.050349278600000005	-0.0037050165999999995	-0.0185286743	-0.0296214915	-0.0827462129	0.07852010940000001	0.0363449977	0.0	0.0390081	0.0735026	0.08637899999999998	1.12492e-05	-0.00185844	-0.0007315429999999998
429.3365478515625	-4549.33251953125	1.83457267	26.02312088	1.10376406	0.07690429	-0.0565221597	-0.0798766705	0.1585697842	0.031266514	-0.0362542601	-0.036122405	-0.10423914449999999	0.06408998610000001	-0.059107635199999994	0.0825120396	-0.0508431275	-0.1020087318	-0.031129725	-0.0809182595	0.08138288240000001	0.0303765546	0.0	0.0352195	0.0469849	0.105066	0.000385227	-0.00185844	-0.000915785
-395.663818359375	-4440.6015625	1.61050081	22.84469604	1.05807829	0.03229595000000001	0.1168295896	-0.0272287331	0.1470242329	-0.06848049169999999	0.0688080202	-0.0696691599	0.0837735199	0.043447205499999995	-0.0871512083	0.1019020066	-0.07194224269999999	-0.056683987699999994	-0.0326302004	-0.0790096451	0.0840631448	0.0242870216	0.0	0.0382407	0.0415102	0.0860111	0.000361084	-0.00185844	-0.000845025
-663.3516235351562	-3902.683349609375	1.31444263	18.64515877	0.96703446	0.03224745	0.0052916512	0.0513847844	0.1056861675	-0.1005570456	-0.09108337109999999	-0.005279121800000001	-0.009656749499999999	-0.0763698184	-0.0589683809	0.1083546908	-0.023794219300000002	-0.0025911109	-0.0341225436	-0.0770222721	0.0865548859	0.0181006735	0.0	0.0374973	0.0365726	0.0938432	0.000158544	-0.00202062	-0.0008549919999999998
-565.6019897460938	-3481.82763671875	1.51779258	21.52964592	1.06543076	0.0557289	-0.0686036271	-0.07602034120000001	0.0822333412	-0.0018559725	0.063676904	-0.0901495552	-0.11020956429999999	0.0585026087	-0.0091372551	0.0774755111	-0.0195284269	-0.0787330348	-0.035606382799999996	-0.0749581217	0.0888525176	0.011842170700000001	0.0	0.0407679	0.0609592	0.105398	0.000210175	-0.00185844	-0.000971519
-1011.3523559570312	-3258.909423828125	1.56770992	22.23771477	1.05015135	0.0433798	0.0752030161	-0.08706545660000001	0.06833644330000001	-0.08959010460000001	0.0058298792000000006	-0.0742181997	0.0381254748	0.1018948601	-0.010578296599999999	0.0894072189	0.0197668264	0.0103849848	-0.0370813481	-0.07281925139999999	0.09095088720000001	0.0055364616000000005	0.0	0.0348287	0.0791254	0.0946252	0.000158544	-0.00185844	-0.00108992
-1008.8527221679688	-3637.8662109375	1.71322942	24.3018856	1.02320075	0.0713703	0.048144175899999996	0.1132001303	0.1272961839	-0.011934086699999999	-0.059305647	-0.055258282400000004	0.0770396205	-0.08321648429999999	-0.07777976269999999	0.1249358991	0.0569300987	0.0156651851	-0.0385470719	-0.0706077933	0.092845289	-0.0007913175	0.0	0.041975	0.0365682	0.0884362	0.000158544	-0.00193565	-0.000857574
-1055.91552734375	-2598.072998046875	1.81411934	25.73299217	1.15311658	0.0653615	-0.033756318199999996	-0.08139399309999999	0.1026478905	-0.0747314283	-0.18038142699999998	-0.11461391	-0.0573745186	0.0510362343	-0.0028218743	0.1465334937	-0.06520137	-0.0833692043	-0.0400031891	-0.0683259517	0.0945314743	-0.0071159421	0.0	0.0410547	0.0606898	0.101398	0.000158544	-0.00225046	-0.00108992
-1111.7908935546877	-1366.5921630859375	1.57234871	22.30351448	1.14209521	0.072383	0.0719813297	0.0743497202	0.0205886295	0.0679312774	-0.0653916175	-0.11385133509999999	0.0827920934	-0.0363798827	-0.006354411999999999	0.1405519248	0.0663019296	0.0748533029	-0.041449336600000004	-0.0659760014	0.0960056619	-0.0134122005	0.0	0.0419293	0.08199	0.0875977	0.000265527	-0.00185844	-0.000860765
268.833740234375	930.3885498046876	1.54110897	21.86038399	1.0716871	0.06329289999999999	-0.0965537994	-0.0161568897	-0.05837360690000001	0.011514173600000002	-0.13432562509999998	-0.08516973039999999	-0.0625582091	0.0045874407	0.12275939220000001	0.039880081	0.0710529118	-0.0057039783999999994	-0.042885154	-0.0635602848	0.0972645456	-0.019654994	0.0	0.0444928	0.0506886	0.0977415	0.000167058	-0.0019165	-0.00108992
252.5834045410156	1959.494384765625	1.61352074	22.88753319	1.06734765	0.07474519999999998	0.0633754473	-0.007747201400000001	-0.1135671206	-0.0618386742	0.0788886996	-0.0814290808	0.0708545414	0.0465585965	0.107595858	-0.0431123659	0.0658217701	-0.08910104099999999	-0.0443102836	-0.0610812099	0.09830530230000001	-0.0258194369	0.0	0.0393297	0.0710342	0.0727726	0.000323395	-0.00206549	-0.000909895
366.1455383300781	1067.66259765625	1.45387077	20.6229248	0.9454357	0.05159435	-0.09074334460000001	0.032986043300000004	-0.0558517876	-0.043282505	-0.012285341200000001	-0.081931797	-0.0445657791	-0.0448449138	0.1108143829	-0.025932810499999997	0.061737191500000003	-0.0968202418	-0.045724370099999995	-0.0585412479	0.09912559800000001	-0.0318809559	0.0	0.0380395	0.0833526	0.0862003	0.000158429	-0.00191932	-0.00108992
-54.79229736328125	496.080810546875	1.36929154	19.42318153	0.9393084	0.060487550000000015	0.0567991759	-0.0367084096	-0.0437074675	-0.0755786451	0.031728039	-0.0435917694	0.0543375896	0.0361465024	0.0493125652	0.0666575135	0.0973657803	0.0092518933	-0.047127061100000006	-0.055942930700000004	0.09972359300000001	-0.0378153881	0.0	0.03786	0.053218	0.0789005	0.000155626	-0.00228813	-0.00100406
129.89483642578122	427.4365539550781	1.27598393	18.09962845	0.86716408	0.021545865000000004	-0.09001151810000001	0.0124758453	-5.02208e-05	0.0020443519	-0.015056226499999999	-0.0393659368	-0.060083075199999995	-0.031203252200000003	0.07451620839999999	0.0503044051	0.08913783439999999	-0.0505573304	-0.048518007099999996	-0.0532888484	0.1000979463	-0.043599077	0.0	0.0412435	0.0553236	0.0763526	7.32387e-05	-0.0021862	-0.00108992
-52.10549926757813	1278.542236328125	1.27093804	18.02805328	0.92640191	0.040927215	0.0430519381	-0.0118498995	-0.0438118613	-0.11829433630000001	0.0382409162	-0.066657903	0.07463442349999999	0.011448758600000001	0.1107015724	0.0361504215	0.0274979032	-0.1157406024	-0.0498968614	-0.050581646699999996	0.1002478183	-0.0492089673	0.0	0.0408268	0.0370959	0.0832914	0.000304989	-0.00226133	-0.00108992
-832.9808349609375	1480.9605712890625	1.32891715	18.85047722	0.94834119	0.028770849999999994	-0.1049054826	0.0373001712	-0.04659687	-0.049607496900000006	-0.0154975648	-0.057443303700000004	-0.0692084787	-0.09825839019999999	0.10775310939999999	0.052400259500000004	-0.0013998861	-0.0003935261	-0.0512632804	-0.04782402400000001	0.10017287289999999	-0.0546226962	0.0	0.0422202	0.037533	0.0889535	-0.000120576	-0.00226133	-0.00108992
-29.731201171875	2574.44140625	1.60212517	22.72588921	0.94859779	0.02447785	0.04022364	-0.058349013600000006	-0.1456405789	-0.057399499400000005	-0.0197941432	-0.0236726183	0.0599402676	0.0804692703	0.1380563245	0.0195675582	0.1288147136	0.0318266441	-0.0526169234	-0.0450187293	0.0998732783	-0.0598186829	0.0	0.0414085	0.0369178	0.0753037	-0.000129769	-0.00236028	-0.00101004
-339.7315673828125	1726.0469970703125	1.52729154	21.66438675	0.95166349	0.03312749999999999	-0.059729993099999996	0.11229944230000001	-0.09526736109999999	-0.0638361286	0.017967627	-0.0089269761	0.0045429939	-0.0795837694	0.115561815	-0.0201737014	0.005461096899999999	-0.10598234699999999	-0.053957453200000005	-0.042168559	0.0993497063	-0.0647762149	0.0	0.0402653	0.0206114	0.0799103	-0.000168575	-0.00246302	-0.00108992
-800.66943359375	1757.5902099609375	1.4144243	20.0633831	0.95102674	0.06138670000000001	-0.0033808126	-0.0741472138	-0.1046201734	-0.0465643434	-0.08841071869999999	-0.0171524511	0.0119115056	0.035258189	0.14916873890000001	0.068352348	0.012713715300000001	0.0039924918	-0.055284535700000005	-0.0392763541	0.098603331	-0.0694755299	0.0	0.0432936	0.0516566	0.078373	-0.000342873	-0.00280424	-0.00108992
-264.73223876953125	1500.946044921875	1.50899827	21.4048996	0.93556422	0.022622700000000016	0.0389880779	0.0913454842	-0.09315566300000001	0.0474158945	-0.08782312789999999	-0.0187391584	0.1091008049	-0.0900651356	0.1312521337	0.1105829098	0.12119100070000001	0.0395203528	-0.05659784019999999	-0.0363449977	0.0976358263	-0.073897895	0.0	0.0432626	0.0615923	0.07724699999999998	-0.000342873	-0.00257364	-0.00108992
701.579833984375	2246.3017578125	1.54109955	21.86025047	0.94458073	0.07022215000000001	-0.1248254476	-0.008412054300000001	-0.12556204070000002	-0.0181466248	-0.023108436800000003	-0.037432881099999996	-0.0860132234	-0.0147103005	0.1577728732	-0.007383150600000001	0.0936084918	-0.0304555902	-0.0578970392	-0.0333774118	0.09644936189999999	-0.07802568139999999	0.0	0.0432636	0.0436764	0.09462690000000003	-0.00087387	-0.00249282	-0.00100323
-256.79547119140625	1405.594970703125	1.46440983	20.77241898	0.92453921	0.06865255	0.06677898	-0.0507677969	-0.1183061782	-0.1101752162	0.07168148349999999	-0.0379371362	0.0766649403	0.0582390238	0.1269326153	-0.0075101214	0.0438375082	-0.059955636799999996	-0.0591818091	-0.0303765546	0.09504659859999999	-0.0818424346	0.0	0.0432705	0.0671861	0.0823703	-0.000455743	-0.00264559	-0.00108992
-200.04583740234372	52.95068359375	1.55378366	22.04017258	0.9708373	0.022801250000000006	0.0223683593	0.107038581	-0.0566581171	-0.046299947	-0.055313284500000004	0.0002992716	0.0582803837	-0.12428305099999999	0.0672063387	0.0548686134	0.0690701183	0.0043272081	-0.060451829699999994	-0.027345417400000002	0.0934306823	-0.0853329399	0.0	0.0432633	0.0761685	0.0818112	-0.000672334	-0.00259713	-0.00108992
-680.921142578125	-107.19357299804688	1.52273107	21.59969711	0.9371137	0.0950795	-0.084533736	-0.0627285152	-0.0190571891	-0.0193081897	-0.0417292165	-0.0577596383	-0.073673503	0.0116610085	0.0766318281	0.10145626210000001	0.0393677661	0.0316470319	-0.061706784400000006	-0.0242870216	0.0916052369	-0.08848328300000001	0.0	0.0515626	0.0249507	0.0951167	-0.0007359139999999998	-0.00243333	-0.000872162
-541.6715087890625	617.2871704101562	1.40597582	19.94354248	0.95546472	0.06026084999999998	0.08280805990000001	0.0082577954	-0.0548530805	-0.0394094744	0.0759315543	-0.060571725800000004	0.10185160689999999	0.0417560596	0.0604583708	0.030386527799999997	0.020474145	-0.0476872549	-0.0629463604	-0.021204416099999998	0.08957435609999999	-0.0912809058	0.0	0.043276	0.03573	0.0776484	-0.000378803	-0.00249469	-0.000928224
-330.109375	723.8303833007812	1.48268545	21.03165627	0.96684396	0.04122314999999999	-0.119410036	0.034189385	-0.0239725741	-0.0052375376	0.0376576973	-0.0393017416	-0.0801288054	-0.11398591970000001	0.0935046475	0.0498441272	0.0045810807	-0.0118733388	-0.064170249	-0.0181006735	0.0873425944	-0.09371465609999999	0.0	0.0516892	0.0392926	0.0870866	-0.000583507	-0.00266542	-0.000948973
-599.1722412109375	1329.8736572265625	1.74108517	24.69701576	0.95308894	0.048935449999999985	0.0576454856	-0.0934487588	-0.0746287018	-0.00029388849999999997	0.0227300363	0.0915627623	0.0528409947	0.091827563	0.051316985499999995	0.0032121084	0.0296444729	0.1096643385	-0.0653781449	-0.0149788877	0.0849149568	-0.0957748323	0.0	0.0432939	0.0450853	0.0694851	-0.0007477029999999998	-0.00258236	-0.00085331
-838.985107421875	614.7293701171875	1.73671126	24.63497162	1.13036513	0.13365365	-0.0013384938000000001	0.0879386318	-0.0538281667	0.04353967190000001	-0.027545031499999997	0.0800840844	0.039094241099999996	-0.103957246	-0.0571204039	-0.1738079111	-0.1855588334	0.1034585273	-0.0665697472	-0.011842170700000001	0.0822968876	-0.0974532219	0.0	0.043434	0.0309033	0.0169427	-0.000101022	-0.0024909	-0.000255668
-1247.5479736328125	1354.147705078125	1.77943397	25.24098587	1.15479398	0.09753515	-0.023365356099999998	-0.0645927081	-0.0429924366	0.037485271699999996	-0.05803132	0.11076020630000001	-0.0510579172	0.0027628242999999998	-0.0197799721	-0.0868096998	-0.2062466544	0.0829217028	-0.067744759	-0.0086936492	0.079494258	-0.0987431344	0.0	0.0434751	0.0109634	0.0501111	0.000386351	-0.002148	-0.000198226
-1505.92333984375	149.12835693359375	1.38753939	19.682024	0.99844456	0.07753660000000001	-0.015459642	0.06321499480000001	-0.0245822432	0.0825430252	0.0275561436	0.0849725417	-0.0054331502	-0.048017045099999996	-0.0512947514	-0.0270533863	-0.0045103649	0.160407142	-0.06890288730000001	-0.0055364616000000005	0.0765133533	-0.0996394278	0.0	0.0434626	0.0740046	0.0527273	0.000224827	-0.00221396	-0.000208076
-706.611083984375	1744.984130859375	1.24802816	17.70307922	0.89821053	0.034132695000000005	0.013417268999999999	-0.058556347	-0.0694328743	0.0358054895	-0.0001836727	0.0855300503	-0.0077897252	0.0831022921	0.009741138100000001	-0.0433039366	0.026619570099999997	0.1119841092	-0.0700438436	-0.0023737552	0.07336085860000001	-0.10013852919999999	0.0	0.0434643	0.059246	0.0577285	-2.40259e-05	-0.00223507	-0.000225537
-994.4864501953124	1888.46484375	1.51958334	21.55504608	0.9307521	0.05626393	0.0190198762	0.0985723783	-0.10674811880000001	0.0529064221	-0.026010265600000002	0.0802920955	0.040146394	-0.08870300980000001	-0.0126497584	-0.1293212633	-0.0527117079	0.0484755072	-0.0711673436	0.0007913175	0.0700438436	-0.1002384491	0.0	0.0433843	0.0545949	0.0403704	-8.559749999999998e-05	-0.0018458	-0.00045819
31.07568359375	1013.2581176757812	1.66038144	23.55224609	0.95924056	0.070188775	-0.0892413252	-0.042517436299999996	-0.014825271000000001	0.046240438499999995	0.0403410346	0.0194238154	-0.08699285679999999	0.0116542672	0.0015537582999999998	-0.11628977689999999	-0.07738362480000001	0.029848851000000003	-0.0722731071	0.0039556013	0.0665697472	-0.09993878910000001	0.0	0.0434524	0.0385654	0.0588771	0.000177313	-0.00208022	-0.000243831
-358.0497131347656	-238.57366943359372	1.7275815	24.50546837	0.97435617	0.044283495000000006	0.1041940418	-0.0237361815	0.0426214721	-0.0012960473	0.1305878782	0.0469458898	0.0827532882	0.0657978368	-0.0882372059	-0.0561158766	-0.0175117571	0.0483602754	-0.07336085860000001	0.0071159421	0.0629463604	-0.0992407438	0.0	0.0434435	0.0321888	0.056998	-2.40259e-05	-0.0023849	-0.00045819
-133.98751831054688	-202.7803955078125	1.75172257	24.84790421	0.97506779	0.048158695	-0.1033972334	0.0529070808	0.0429857887	-0.0210162514	0.06966332480000001	0.0125521354	-0.0891216447	-0.06479804509999999	-0.0471093909	-0.0815571591	-0.0975732433	-0.0425241317	-0.0744303271	0.010269189599999999	0.0591818091	-0.0981470957	0.0	0.0434142	0.0484285	0.0663425	0.000291058	-0.00224908	-0.00045819
-865.6129150390625	739.3877563476562	1.55238724	22.02036476	0.92179692	0.04583567	0.032431019500000005	-0.0823788607	-0.0390256052	0.0442392785	-0.033951862	0.07526076	0.0046655625	0.0949004037	-0.0122068597	-0.07828375580000001	-0.1654589584	0.0704764709	-0.075481246	0.0134122005	0.055284535700000005	-0.09666220460000001	0.0	0.0434262	0.0422343	0.0520554	-9.09694e-05	-0.0023739	-0.00045819
-1232.23828125	-567.6939086914062	1.39920986	19.84756851	0.91841298	0.025984724999999983	0.0862601304	0.0429776926	0.0207969114	0.1538000106	0.0681091651	-0.0223527567	0.1030004942	-0.0224559311	-0.1101082692	-0.0463975821	-0.0459694338	0.146131184	-0.0765133533	0.0165418419	0.0512632804	-0.09479198949999999	0.0	0.0434142	0.0530856	0.0465222	-2.40259e-05	-0.00224908	-0.000458189
-38.05108642578125	-545.2132568359375	1.50109756	21.29282951	0.93800724	0.018344995	-0.0356554355	0.0767699597	0.0750599143	-0.0440447826	0.0371675624	0.11416342269999999	-0.0656796083	-0.048986072900000004	-0.1058342242	-0.05980491	-0.0196407394	0.037663986600000005	-0.077526392	0.019654994	0.047127061100000006	-0.0925439058	0.0	0.0434241	0.0530909	0.0461513	0.000101681	-0.00248255	-0.00045819
-977.6764526367188	206.76751708984372	1.54668009	21.93940926	0.95650667	0.09021507	0.005260948299999999	-0.1094440956	0.048279408200000005	0.010501416000000001	-0.05009885360000001	0.0522112175	-0.018239032	0.08535662960000001	-0.0257765348	-0.0435977919	-0.1727705193	0.0232912935	-0.07852010940000001	0.0227485535	0.042885154	-0.0899269149	0.0	0.0434142	-0.00750692	0.0566065	0.000251253	-0.00224908	-0.000458189
545.9481811523439	95.06072998046876	1.65390015	23.46030998	1.0232625	0.09630641999999998	0.0795881762	0.07457230769999999	0.062485186500000005	0.1362173996	-0.022995819900000002	0.0112123404	0.0693291709	-0.0324104357	-0.1044590342	-0.0690087226	-0.0168125441	0.0119939532	-0.079494258	0.0258194369	0.0385470719	-0.086951449	0.0	0.0613843	0.027793	0.0670006	0.000393989	-0.00275919	-0.000458189
1026.2603759765623	1333.60400390625	1.76290035	25.00646019	1.19566286	0.099592495	-0.1082641463	-0.0132315858	0.0121029092	0.0672177422	0.0073344384	0.0540954357	-0.1290811032	0.0001161433	-0.0434701532	-0.08639534380000001	0.1044361463	0.0466238393	-0.0804485949	0.028864582799999997	0.0341225436	-0.08362936900000001	0.0	0.0660269	0.0118437	0.111241	-2.40259e-05	-0.0026622	-0.00027799
995.885009765625	1722.959716796875	1.92171073	27.25915909	1.15108657	0.097151005	0.08053469	-0.033926685899999996	-0.05450027650000001	-0.0075020645999999995	0.10011209689999999	0.0800897054	0.0572561058	0.0787864775	-0.0111044824	-0.1463994563	0.08765001050000001	-0.0045131387	-0.08138288240000001	0.0318809559	0.0296214915	-0.0799739179	0.0	0.0728679	0.0407376	0.0711433	-0.000270195	-0.0026622	-0.000458189
327.00970458984375	197.37799072265625	1.69522798	24.0465374	0.99030185	0.044686949999999996	-0.0013845686999999999	0.1150722357	-0.0181042608	-0.024507528799999997	0.0174511704	0.0809630216	-0.0190655588	-0.113868876	-0.052560594599999996	-0.11824606970000001	0.023582897000000002	0.0070515177	-0.0822968876	0.0348655494	0.0250540098	-0.0759996673	0.0	0.0566861	0.0310216	0.073507	-0.000598704	-0.0026622	-0.000458189
-221.86572265625	-401.8912963867188	1.67270327	23.72702789	0.97175777	0.07296790999999998	-0.010415104599999999	-0.0962152159	0.0222808602	0.0667781582	-0.049187281	0.0708526858	-0.0573681604	0.08693619529999999	-0.0593687836	-0.0315110469	0.039408179	0.06354505070000001	-0.0831903826	0.0378153881	0.020430341499999997	-0.07172245969999999	0.0	0.0564795	0.007969739999999998	0.0838531	-0.000126806	-0.00241637	-0.000527728
34.50897216796875	-1204.4730224609375	1.34924245	19.13878822	0.97957629	0.03764515499999999	0.0742020202	0.041692818799999996	0.0550288082	0.0582780254	0.021445364100000003	-0.1084523984	0.0870380146	0.0026551076	-0.085695751	-0.022923295899999998	-0.0598133334	-0.0764694737	-0.0840631448	0.0407275316	0.0157608558	-0.0671593453	0.0	0.0559355	-0.00137564	0.0822595	5.78425e-05	-0.00245636	-0.0008263329999999998
321.57110595703125	-344.8673095703125	1.53092003	21.71585655	0.97130495	0.07534771499999998	-0.1137598025	0.0121837015	0.055928552400000005	0.0073677735	0.0011572873	-0.0798138805	-0.1070878606	-0.0319163816	-0.036403030499999996	0.005314944	-0.0181625804	0.0377971368	-0.0849149568	0.043599077	0.0110560246	-0.0623285141	0.0	0.0554693	0.0268724	0.08610049999999998	-0.000511149	-0.00248018	-0.000563295
910.69580078125	1571.676025390625	1.60942233	22.82939911	0.95709056	0.06721761700000001	0.0360415531	-0.10309931050000001	-0.0449662003	-0.0479759379	-0.00024521060000000003	0.0418364066	-0.0108207161	0.1265293733	0.0024792929	-0.0715590755	0.0179103004	0.0022000442	-0.08574560619999999	0.046427162	0.0063263989	-0.057249223200000005	0.0	0.0554853	-0.000288667	0.0877325	-0.000103832	-0.00254546	-0.0008588689999999998
1053.3203125	204.96917724609372	1.68019235	23.83325958	0.99715185	0.07988571699999998	0.07401922820000001	0.0768543866	-0.0640543992	0.1019664891	0.023019085699999997	-0.0129582036	0.11048676550000001	-0.0362974339	-0.034205023700000003	-0.1285763546	0.0262723967	-0.0625819123	-0.0865548859	0.0492089673	0.0015825856	-0.05194172	0.0	0.0551966	0.0333306	0.0554762	-0.000190941	-0.00235814	-0.0008588689999999998
453.445068359375	-1318.487548828125	1.50784016	21.3884716	0.93893743	0.0531809	-0.08487641650000001	0.059098380199999995	0.0384680282	-0.0074067431999999996	0.0976670775	0.08990373199999999	-0.09085514759999999	-0.0721657078	-0.0630736827	-0.0397497968	0.021223643700000003	-0.0178276167	-0.0873425944	0.05194172	-0.0031647768	-0.046427162	0.0	0.0585497	0.0478792	0.074745	-0.000511149	-0.00235814	-0.0008588689999999998
-439.4302978515625	-1002.8818359375	1.69781077	24.08317375	0.98959404	0.06443779999999999	0.0587985046	-0.093946153	0.0584076324	0.0423216481	0.0034771107	0.1271408627	-0.0260512683	0.126756691	-0.1192931824	0.0085307213	0.027781627799999997	0.034239317799999995	-0.0881085353	0.0546226962	-0.0079050419	-0.0407275316	0.0	0.060989	0.0400279	0.0934353	0.000129209	-0.00235814	-0.000927649
-86.1806640625	-1218.338623046875	1.77019322	25.10990715	1.01695502	0.08731479999999998	0.04450801980000001	0.0631289591	0.0516421163	0.0730283346	-0.0201537842	0.012453095	0.040221268	-0.040294931400000004	-0.0949844629	-0.012069670900000001	-0.0412219155	-0.043872610599999994	-0.0888525176	0.057249223200000005	-0.012627579	-0.0348655494	0.0	0.0508633	0.0392856	0.0645744	-0.000511149	-0.00260072	-0.0008588689999999998
396.8815307617188	-1192.29541015625	1.48996234	21.13487816	0.93671644	0.04273079999999999	-0.09949952279999999	0.019311664	0.08679567029999999	0.0684346779	0.07854731549999999	0.0174064418	-0.1092527932	-0.042801413899999995	-0.06986692530000001	-0.0087693897	0.0048891389	0.022197171499999998	-0.08957435609999999	0.0598186829	-0.0173217973	-0.028864582799999997	0.0	0.0556369	0.0519709	0.0818993	-0.000511149	-0.00244178	-0.0008588689999999998
2153.318603515625	-399.6896362304688	1.57950163	22.4049778	0.95881885	0.07871445	0.042289119800000004	-0.1262573756	0.060608815	-0.0269105423	-0.0283923629	0.0827000804	-0.036473032200000005	0.1527055544	-0.0571758563	-0.0723365776	-0.0090071545	-0.1004610196	-0.09027387070000001	0.0623285141	-0.0219771695	-0.0227485535	0.0	0.0547734	0.020328	0.0906689	-0.00011854	-0.00279794	-0.0008588689999999998
928.1932983398438	-1750.4588623046875	1.54366386	21.89662552	0.97950745	0.04134355000000001	0.0843972315	0.057593598499999996	0.0853059146	0.0986426944	0.0603238087	-0.025741515099999997	0.0827254775	-0.0240521068	-0.1088068666	-0.0367042473	0.0153629102	-0.06688471480000001	-0.09095088720000001	0.0647762149	-0.026583255299999997	-0.0165418419	0.0	0.0557512	0.0226757	0.0773813	-0.000511149	-0.00289994	-0.0008588689999999998
-189.11956787109372	-1394.1656494140625	1.48910141	21.12266541	0.95201969	0.05855351000000001	-0.1054275458	0.0336550508	0.1129020652	0.0128641971	0.0445954323	0.022154324399999998	-0.1175283923	-0.06319831	-0.09787592640000001	0.061607454000000006	0.0330690199	0.0067613813	-0.0916052369	0.0671593453	-0.031129725	-0.010269189599999999	0.0	0.0610593	0.00289039	0.0921354	-0.000511149	-0.00252582	-0.0008588689999999998
-117.119873046875	297.62762451171875	1.4248805	20.21170235	0.955845	0.041888959999999996	0.061770774900000006	-0.10344669710000001	0.069077161	-0.030376946499999998	-0.0038418440999999997	0.035514695299999996	0.0079706873	0.138565051	-0.0392142574	0.0398871492	-0.0409057178	-0.0649618864	-0.0922367566	0.0694755299	-0.035606382799999996	-0.0039556013	0.0	0.0551648	0.0192586	0.0869495	-0.000229693	-0.00251847	-0.000858868
203.37969970703125	-349.39166259765625	1.62835073	23.09789467	0.93528396	0.07465705	0.0537673401	0.0768782678	0.08539373300000001	0.0449785889	-0.0168174409	-0.0151804518	0.0536190969	-0.0632731458	-0.0805475092	0.0336294216	0.053672597	-0.008151478299999999	-0.092845289	0.07172245969999999	-0.0400031891	0.0023737552	0.0	0.0562686	0.04909	0.072701	-0.000528248	-0.0026051	-0.00106315
985.62939453125	-215.348388671875	1.56654108	22.22113419	0.92016333	0.06137180000000001	-0.1270984391	0.0027473976	0.12448242779999999	0.0040427194	0.0505524596	-0.0067977707	-0.1274110303	-0.0292757853	-0.057098461100000004	0.051536804900000004	0.11817146640000001	-0.0298978898	-0.0934306823	0.073897895	-0.0443102836	0.0086936492	0.0	0.0607142	0.0417001	0.0947912	-0.000625929	-0.00235814	-0.0008588689999999998
969.1290283203124	352.63232421875	1.36230266	19.32404518	0.90291053	0.05650514999999999	0.0448352362	-0.11578208699999999	0.0710849982	-0.061797103799999996	-0.024826927000000002	0.049726005499999996	-0.0207251335	0.11782654699999999	-0.0347400128	0.0069325726	0.07307004730000001	-0.0761404403	-0.0939927908	0.0759996673	-0.048518007099999996	0.0149788877	0.0	0.0567406	0.0560827	0.0961356	-0.000475029	-0.00265339	-0.00114881
665.1912231445312	-692.0119018554688	1.50918388	21.40753174	0.9261899	0.03983300000000001	0.0910855154	0.0475721236	0.0759507371	0.063148768	0.042234159699999996	-0.08402269220000001	0.0830399124	-0.0112472829	-0.0718830466	0.017001184	0.09237172869999999	-0.070413525	-0.0945314743	0.07802568139999999	-0.0526169234	0.021204416099999998	0.0	0.0549828	0.0535199	0.0826973	-0.000440397	-0.00235814	-0.00126041
-158.74664306640625	-63.78118896484375	1.80436718	25.59465981	1.0663414	0.09592355	-0.053174025800000004	0.0895116474	0.120628283	-0.09933415779999999	-0.0053646425	0.0185412323	-0.0640454998	-0.09225508140000001	-0.0804350194	0.1110080453	0.1254471957	0.0532959283	-0.09504659859999999	0.0799739179	-0.05659784019999999	0.027345417400000002	0.0	0.0516461	0.0635183	0.10235	-0.000915042	-0.00299149	-0.00141113
1049.8154296875	1366.0745849609375	1.81939077	25.80776787	1.07437754	0.07274069999999999	-0.0265322476	-0.1153474731	-0.0171875573	-0.0191981399	-0.08940440599999999	0.0016939032000000001	-0.0650547334	0.11087125380000001	0.0349709259	0.0170044369	0.0629157837	-0.0367466292	-0.09553803529999999	0.0818424346	-0.060451829699999994	0.0333774118	0.0	0.0558345	0.0530738	0.094447	-0.000476206	-0.00255389	-0.0012834700000000003
618.7526245117188	2082.30517578125	1.89733756	26.91342926	1.09398139	0.05160875	0.0853117499	-0.055979099299999995	-0.061861741500000005	0.033611312000000004	0.0002472636	-0.13834387539999998	0.0825443027	0.063455252	0.0376903785	-0.0250979752	0.0344243927	0.0485877361	-0.0960056619	0.08362936900000001	-0.064170249	0.0392763541	0.0	0.0471774	0.0613511	0.0660709	-0.000552801	-0.00250452	-0.0012834700000000003
-857.8101806640625	1272.4736328125	2.03635287	28.88533974	1.17139339	0.06075695000000001	0.0172093551	0.1332221431	-0.0232503557	-0.0496188308	0.022215429900000003	-0.12375396550000001	0.053063223300000004	-0.1058828691	-0.0168216071	0.046860056100000005	0.039594693	0.0795040665	-0.09644936189999999	0.0853329399	-0.067744759	0.0450187293	0.0	0.0505469	0.038275	0.0721041	-0.000373828	-0.00235814	-0.00104326
46.064453125	1353.0167236328125	1.79483712	25.45947838	1.10036469	0.03498205	-0.14603306119999998	-0.0017320684	-0.0052942909	-0.0117541404	0.0048259512	-0.0211431479	-0.13234356460000002	-0.0326701803	0.0135533424	0.015305488999999999	-0.0657572942	-0.0487828499	-0.0968690246	0.086951449	-0.0711673436	0.050581646699999996	0.0	0.0493322	0.0355988	0.07749549999999998	-0.000556213	-0.00244954	-0.0012834700000000003
68.3140869140625	2709.06005859375	1.60397291	22.75209999	1.02669537	0.04113465	0.0196796164	-0.0934110125	-0.0755355186	-0.049246566500000005	-0.0682832991	-0.0088280249	0.0350999201	0.0586769983	0.0911025109	0.009025726	-0.0827418	0.046367834299999994	-0.0972645456	0.08848328300000001	-0.0744303271	0.055942930700000004	0.0	0.0535397	0.03816	0.0668725	-0.000749022	-0.002581	-0.00113288
692.438720703125	3213.540771484375	1.91004026	27.09361649	1.17925799	0.04362510000000001	0.0356558573	0.1082415945	-0.11189987	0.1450758026	-0.038896947	-0.0358347387	0.08630944189999999	-0.077622015	0.0468674205	-0.0430966493	0.044554364000000006	0.11224900789999999	-0.0976358263	0.0899269149	-0.077526392	0.0610812099	0.0	0.0384793	0.0424181	0.0670056	-0.000915042	-0.00274786	-0.0012834700000000003
1378.6884765625	3037.458984375	1.89570081	26.89021301	1.18277252	0.07788335	-0.1290317687	0.0997215305	-0.0941337894	-0.16839355920000001	0.0917131152	0.048067716399999995	-0.0654058244	-0.0787619863	0.12992493089999999	-0.0847102339	-0.0265731152	-0.1072841625	-0.09798277400000001	0.0912809058	-0.0804485949	0.0659760014	0.0	0.0558977	0.0589177	0.056212	-0.000536107	-0.00246336	-0.0012834700000000003
137.93804931640622	1941.314697265625	2.09375143	29.69952965	1.2376709	0.1198603	-0.0717793737	-0.1023512776	-0.0915894817	0.0014486659	-0.0433893232	-0.0167240749	-0.066698757	0.0565782179	0.0979883275	0.0097090385	-0.012262648899999999	0.0775608568	-0.09830530230000001	0.0925439058	-0.0831903826	0.0706077933	0.0	0.0721558	0.08408609999999998	0.0906472	-0.000803939	-0.00206048	-0.00107421
-366.8123779296875	1139.17041015625	1.99747467	28.33385849	1.11928737	0.1692029	0.1007585456	-0.0408264836	-0.0636646551	-0.029077638399999998	0.058958622800000006	-0.0226376875	0.1015459924	0.0455833976	0.0353346591	0.0304745395	-0.012516041399999999	0.0778964466	-0.098603331	0.09371465609999999	-0.08574560619999999	0.0749581217	0.0	0.0384773	0.0361796	0.0612905	-0.000915043	-0.00290534	-0.0012834700000000003
1003.3748168945312	1731.8387451171875	2.22914195	31.62002182	1.2155056	0.09516705	-0.025328182999999997	0.10323781679999999	-0.0813672803	-0.2445456382	-0.09363562380000001	0.10752654060000001	0.0048352219	-0.1029307433	0.0342621862	-0.0184843157	0.0071869391	-0.0749484809	-0.0988767856	0.09479198949999999	-0.0881085353	0.0790096451	0.0	0.0510999	0.0361982	0.106717	-0.0008138359999999999	-0.00354612	-0.0012834700000000003
1202.74951171875	2572.7568359375	1.91371441	27.14573288	1.18717945	0.08518044999999999	-0.12016678689999999	-0.0427774649	-0.09961101609999999	0.0144930789	-0.0272648054	0.0051914683	-0.092860593	0.0021507212	0.1436708587	-0.0352905677	-0.0829840495	-0.0136051998	-0.09912559800000001	0.0957748323	-0.09027387070000001	0.0827462129	0.0	0.0571084	0.0343328	0.0795803	-0.000915043	-0.00272986	-0.00119754
-555.5008544921875	2381.80029296875	1.66396141	23.60302734	1.02858436	0.03570990000000001	0.034091202599999995	-0.0774313495	-0.1073193802	0.0058670599	0.0456353009	0.045278050099999995	0.0652887034	0.0792011911	0.1014422186	0.0265294283	-0.0187886129	0.11098890289999999	-0.0993497063	0.09666220460000001	-0.0922367566	0.08615293	0.0	0.0546411	0.0407446	0.0680445	-0.000915043	-0.00297012	-0.0011319
196.061279296875	1048.3433837890623	1.67016613	23.69104004	1.03893411	0.05824700000000003	0.0885491376	0.0507538411	-0.075003315	0.1211128408	0.0200866475	-0.0818887553	0.1320955468	-0.0162392298	0.0163181085	0.025356524199999998	0.0283498708	-0.0092917462	-0.0995490545	0.0974532219	-0.0939927908	0.08921621619999999	0.0	0.0477839	0.0587391	0.0674746	-0.000582835	-0.00279739	-0.0012834700000000003
266.1234130859375	79.88671875	1.79387903	25.44588661	1.00748658	0.034504300000000016	-0.0738252059	0.0940627161	0.014767906200000002	-0.1149678418	-0.0024249172	0.019337522	-0.0486903676	-0.1226190869	0.041737788399999996	0.0512068783	-0.0543993617	-0.0727383179	-0.09972359300000001	0.0981470957	-0.09553803529999999	0.09192386050000001	0.0	0.0550776	0.0554232	0.0747589	-0.000915043	-0.00279739	-0.0012834700000000003
-742.939453125	207.679931640625	1.71500456	24.32706642	0.98550397	0.0567312	-0.0353708726	-0.1032462972	0.0203764564	0.0265123307	-0.1328636583	-0.0505091397	-0.0588598791	0.047013894900000006	0.0308729344	0.1575890183	-0.038730492000000005	0.0896083872	-0.0998732783	0.0987431344	-0.0968690246	0.0942650692	0.0	0.0533123	0.0306118	0.0956414	-0.000915043	-0.00279739	-0.00109803
49.56024169921875	322.84814453125	1.58769178	22.5211544	0.986799	0.08526540000000002	0.1281266377	-0.0122011741	0.0160621265	-0.0066908803	0.017282289699999998	-0.06790627469999999	0.1087751789	0.060461988099999996	0.0215011582	0.08810542630000001	-0.0176588437	-0.0269051023	-0.0999980731	0.0992407438	-0.09798277400000001	0.0962305098	0.0	0.0384838	0.0541967	0.0768111	-0.000540049	-0.00279739	-0.0012834700000000003
193.87237548828125	332.016357421875	1.63535929	23.19730949	1.0087899	0.061181300000000015	0.0187148533	0.1017995693	0.0453594207	-0.0960007594	-0.08905048539999999	-0.0195386663	0.0421232363	-0.1263364411	0.0328539556	0.0546727687	-0.0686265435	-0.057962852300000006	-0.1000979463	0.0996394278	-0.0988767856	0.0978123473	0.0	0.0571928	0.0393761	0.0668313	-0.000691657	-0.00299922	-0.0012834700000000003
356.93450927734375	-24.3778076171875	1.64710462	23.3639164	1.0603832	0.06623200000000001	-0.1106858769	-0.0619301644	0.0554274115	0.060110383499999996	-0.012901433300000001	-0.058458826500000005	-0.1100936518	-0.0081595183	0.0371885697	0.0986546107	-0.0023621997	0.0300032369	-0.10017287289999999	0.09993878910000001	-0.0995490545	0.0990042761	0.0	0.0521491	0.0472514	0.0919975	-0.000915043	-0.00279739	-0.00114575
1700.05908203125	828.165283203125	1.62591267	23.06331062	0.98260558	0.04220990000000001	0.0637876729	-0.0953623574	0.0314262664	-0.0457870066	-0.0004924241	0.0422451362	0.0282515906	0.1132720532	0.0194684431	-0.0221532313	0.0234652278	-0.0911368783	-0.10022283439999999	0.10013852919999999	-0.0999980731	0.0998015448	0.0	0.0583213	0.0446909	0.0783158	-0.000915043	-0.00305558	-0.0012834700000000003
438.496337890625	-366.6038818359375	1.43293178	20.32590866	0.97208291	0.03487900000000003	0.08585311050000001	0.054124854400000005	0.0614016747	0.061962913	0.0194977308	-0.0809845082	0.1081462094	-0.0552046971	-0.030064404399999998	0.0219290723	-0.020998447799999997	-0.09262028300000001	-0.1002478183	0.1002384491	-0.10022283439999999	0.1002009753	0.0	0.0489769	0.0442746	0.0707066	-0.0008864609999999998	-0.00334906	-0.00125535
